-93.59045, 89.521255, -0.5615427, 0.53712755, -0.0033692562, 0.0032227654, 0, 0, 9.999944, -0.033692498, 19.999943, -0.035157405
-93.82556, 90.78699, -1.124496, 1.0818495, -0.010116233, 0.009713862, 0.005999964, 0.0044999393, 9.999489, -0.1011606, 19.999489, -0.1051843
-94.04964, 92.01903, -1.6887939, 1.6339636, -0.020248996, 0.019517643, 0.011999712, 0.008999513, 9.997951, -0.20247611, 19.997948, -0.20978963
-94.24177, 93.152115, -2.2542446, 2.1928763, -0.033774465, 0.0326749, 0.017999027, 0.013498359, 9.994297, -0.33768043, 19.994291, -0.34867606
-94.369705, 94.08435, -2.8204627, 2.7573824, -0.05069724, 0.049219195, 0.023997696, 0.017996112, 9.987152, -0.50675523, 19.98714, -0.5215357
-94.389534, 94.67676, -3.3867998, 3.325443, -0.07101804, 0.06917185, 0.029995501, 0.022492409, 9.9747925, -0.70958364, 19.974775, -0.7280455
-94.24637, 94.754745, -3.9522781, 3.8939714, -0.09473171, 0.09253568, 0.035992227, 0.026986882, 9.955163, -0.9459008, 19.95514, -0.96786106
-93.87536, 94.11163, -4.51553, 4.458641, -0.12182489, 0.11928753, 0.041987658, 0.031479172, 9.925885, -1.2152377, 19.925854, -1.2406113
-93.20409, 92.51576, -5.0747547, 5.013736, -0.15227342, 0.14936994, 0.047981575, 0.035968907, 9.884288, -1.5168564, 19.884247, -1.5458912
-92.15621, 89.722275, -5.627692, 5.5520697, -0.18603957, 0.18268237, 0.053973764, 0.040455732, 9.827445, -1.8496826, 19.827389, -1.8832545
-90.65685, 85.49017, -6.1716332, 6.0650105, -0.22306937, 0.21907243, 0.059964012, 0.04493928, 9.75223, -2.2122397, 19.75215, -2.252209
-88.63925, 79.60396, -6.703469, 6.5426345, -0.26329017, 0.25832823, 0.0659521, 0.049419183, 9.655389, -2.6025872, 19.655266, -2.6522064
-86.05221, 71.89847, -7.219782, 6.9740252, -0.30660886, 0.3001724, 0.071937814, 0.05389509, 9.533626, -3.018274, 19.533417, -3.0826383
-82.86654, 62.28238, -7.716981, 7.3477197, -0.35291076, 0.3442587, 0.077920936, 0.058366623, 9.383706, -3.4563065, 19.383331, -3.542826
-79.07993, 50.757385, -8.191461, 7.652264, -0.40205953, 0.39017227, 0.08390125, 0.062833436, 9.20257, -3.9131448, 19.201862, -4.0320144
-74.717285, 37.42627, -8.639765, 7.8768215, -0.4538981, 0.4374332, 0.089878544, 0.06729515, 8.987447, -4.384722, 18.986092, -4.5493636
-69.8266, 22.488373, -9.058724, 8.011752, -0.5082505, 0.48550373, 0.095852606, 0.07175142, 8.735972, -4.866496, 18.733387, -5.093944
-64.47025, 6.2207336, -9.445546, 8.049076, -0.56492376, 0.5337982, 0.10182322, 0.07620188, 8.446294, -5.3535147, 18.44145, -5.66472
-58.71308, -11.050262, -9.797825, 7.9827747, -0.6237107, 0.58169484, 0.10779016, 0.080646165, 8.117168, -5.840512, 18.108343, -6.2605467
-52.609734, -28.982025, -10.113483, 7.8088827, -0.6843916, 0.62854815, 0.11375322, 0.08508391, 7.7480383, -6.322017, 17.732449, -6.880162
-46.194405, -47.245636, -10.39065, 7.5254087, -0.7467355, 0.6737006, 0.11971219, 0.08951478, 7.3391013, -6.792465, 17.312443, -7.5221653
-39.474586, -65.54826, -10.627498, 7.132119, -0.8105005, 0.7164933, 0.12566686, 0.09393839, 6.8913584, -7.246322, 16.847204, -8.18501
-32.43029, -83.643936, -10.82208, 6.6302557, -0.87543297, 0.7562748, 0.131617, 0.09835439, 6.406645, -7.6782093, 16.335735, -8.866973
-25.01825, -101.33476, -10.972189, 6.0222473, -0.9412661, 0.7924083, 0.1375624, 0.10276242, 5.887651, -8.083042, 15.777061, -9.566129
-17.180382, -118.464325, -11.075272, 5.3114614, -1.0077177, 0.82427704, 0.14350283, 0.10716213, 5.33792, -8.456158, 15.170139, -10.280293
-8.855209, -134.90633, -11.128403, 4.5020237, -1.0744882, 0.8512892, 0.14943811, 0.11155316, 4.761824, -8.793466, 14.513767, -11.006969
0.009521484, -150.55318, -11.1283455, 3.5987046, -1.1412582, 0.8728814, 0.155368, 0.11593516, 4.164509, -9.091582, 13.806535, -11.74325
9.443977, -165.30545, -11.071682, 2.6068718, -1.2076883, 0.8885226, 0.16129231, 0.12030776, 3.5518126, -9.347975, 13.046787, -12.48572
19.443954, -179.06339, -10.955018, 1.5324916, -1.2734184, 0.8977176, 0.16721082, 0.12467062, 2.930142, -9.561081, 12.232649, -13.230327
29.96048, -191.7218, -10.775255, 0.38216078, -1.3380699, 0.9000106, 0.17312329, 0.12902339, 2.306313, -9.7304125, 11.36208, -13.97224
40.891613, -203.1659, -10.529905, -0.83683455, -1.4012494, 0.89498955, 0.17902954, 0.13336569, 1.6873579, -9.856613, 10.433001, -14.705709
52.076664, -213.267, -10.217445, -2.1164365, -1.4625541, 0.88229096, 0.18492934, 0.13769719, 1.0803099, -9.941475, 9.443494, -15.423915
63.29338, -221.87636, -9.837685, -3.4476948, -1.5215802, 0.8616048, 0.19082248, 0.14201754, 0.4919624, -9.987891, 8.3920355, -16.118866
74.25726, -228.8128, -9.392141, -4.820572, -1.5779331, 0.83268136, 0.19670875, 0.14632641, -0.07136686, -9.999745, 7.2778053, -16.781313
84.622574, -233.84277, -8.884406, -6.2236285, -1.6312395, 0.7953396, 0.20258795, 0.15062341, -0.6040641, -9.981739, 6.101039, -17.400742
93.98351, -236.64838, -8.320505, -7.643519, -1.6811626, 0.74947846, 0.20845985, 0.15490821, -1.1014235, -9.9391575, 4.863408, -17.965414
101.874176, -236.78265, -7.70926, -9.064215, -1.7274182, 0.69509315, 0.21432425, 0.15918045, -1.5598232, -9.877598, 3.5684195, -18.462534
107.76785, -233.61517, -7.062653, -10.465906, -1.7697941, 0.6322977, 0.22018093, 0.16343981, -1.9768698, -9.802652, 2.22181, -18.878506
111.07825, -226.27934, -6.3961835, -11.823582, -1.8081712, 0.5613562, 0.22602968, 0.16768593, -2.3515186, -9.719586, 0.8319144, -19.19934
111.173035, -213.65059, -5.729145, -13.105485, -1.842546, 0.48272327, 0.2318703, 0.17191845, -2.684173, -9.633027, -0.5900531, -19.4113
107.42003, -194.41159, -5.084625, -14.271955, -1.8730538, 0.39709154, 0.23770256, 0.17613707, -2.9767609, -9.546669, -2.0298412, -19.501736
99.29365, -167.27902, -4.488863, -15.275629, -1.899987, 0.30543777, 0.24352628, 0.18034141, -3.2327724, -9.463043, -3.4702785, -19.460222
86.565796, -131.45947, -3.969468, -16.064386, -1.9238038, 0.20905146, 0.24934123, 0.18453115, -3.4572139, -9.383372, -4.8918066, -19.279934
69.561775, -87.29591, -3.5520976, -16.588161, -1.9451164, 0.10952249, 0.25514722, 0.18870597, -3.6563978, -9.307565, -6.2735376, -18.959019
49.37895, -36.855072, -3.2558239, -16.809292, -1.9646513, 0.008666739, 0.260944, 0.19286548, -3.8375113, -9.234365, -7.5948477, -18.501642
27.888046, 15.993637, -3.0884955, -16.71333, -1.9831823, -0.09161324, 0.2667314, 0.19700937, -4.007964, -9.161672, -8.837276, -17.918255
7.384758, 66.34772, -3.0441868, -16.315243, -2.0014474, -0.1895047, 0.27250922, 0.20113729, -4.1746254, -9.086942, -9.986244, -17.224821
-10.016808, 109.6763, -3.1042876, -15.657185, -2.0200732, -0.2834478, 0.27827722, 0.20524894, -4.3431425, -9.007614, -11.032117, -16.441162
-22.934135, 143.0971, -3.2418923, -14.798602, -2.0395246, -0.3722394, 0.28403518, 0.20934397, -4.5175204, -8.921435, -11.970407, -15.588856
-30.923645, 165.83325, -3.4274342, -13.803602, -2.060089, -0.45506102, 0.28978294, 0.21342202, -4.7000175, -8.826654, -12.801199, -14.68932
-34.321373, 178.80664, -3.6333625, -12.7307625, -2.0818894, -0.5314456, 0.29552025, 0.21748279, -4.8913093, -8.722104, -13.528175, -13.762396
-33.907852, 183.83989, -3.8368096, -11.627723, -2.1049101, -0.60121197, 0.3012469, 0.22152595, -5.090785, -8.607201, -14.157501, -12.825571
-30.598946, 182.94864, -4.0204034, -10.530031, -2.1290326, -0.6643922, 0.30696276, 0.22555117, -5.2969103, -8.481907, -14.696904, -11.893668
-25.252098, 177.92577, -4.171916, -9.462477, -2.1540642, -0.721167, 0.31266755, 0.22955811, -5.5075445, -8.346673, -15.154895, -10.978902
-18.582802, 170.1879, -4.283413, -8.441349, -2.1797647, -0.7718151, 0.31836107, 0.23354645, -5.720216, -8.202385, -15.540234, -10.0911
-11.15023, 160.77908, -4.350314, -7.4766746, -2.2058666, -0.8166752, 0.32404312, 0.2375159, -5.9323406, -8.050301, -15.861559, -9.237999
-3.374672, 150.43845, -4.370562, -6.5740438, -2.23209, -0.85611945, 0.32971352, 0.24146609, -6.141383, -7.891984, -16.127136, -8.425563
4.4358826, 139.6793, -4.343947, -5.735968, -2.2581537, -0.89053524, 0.33537206, 0.24539672, -6.344968, -7.7292542, -16.344715, -7.6582932
12.059937, 128.85774, -4.2715874, -4.9628215, -2.2837832, -0.92031217, 0.3410185, 0.24930747, -6.5409603, -7.5641155, -16.521435, -6.939495
19.34169, 118.22394, -4.155537, -4.253478, -2.3087165, -0.945833, 0.3466527, 0.25319806, -6.7275057, -7.3986936, -16.663776, -6.2715254
26.174713, 107.95769, -3.998489, -3.605732, -2.3327074, -0.9674674, 0.3522744, 0.2570681, -6.903054, -7.2351813, -16.777576, -5.655999
32.489647, 98.19264, -3.803551, -3.016576, -2.3555286, -0.98556685, 0.3578834, 0.26091734, -7.0663576, -7.0757747, -16.868011, -5.0939546
38.24485, 89.03139, -3.574082, -2.4823878, -2.3769732, -1.0004612, 0.36347952, 0.2647454, -7.2164583, -6.9226246, -16.93964, -4.586011
43.41918, 80.55516, -3.3135667, -1.9990568, -2.3968546, -1.0124556, 0.36906257, 0.26855206, -7.352655, -6.777792, -16.996428, -4.1324806
48.006264, 72.83017, -3.0255291, -1.5620759, -2.4150078, -1.021828, 0.37463236, 0.272337, -7.4744754, -6.6432085, -17.04179, -3.733484
52.009956, 65.91087, -2.7134695, -1.1666106, -2.4312887, -1.0288277, 0.3801886, 0.27609983, -7.5816374, -6.5206423, -17.078625, -3.3889933
55.44066, 59.84285, -2.3808255, -0.8075535, -2.4455736, -1.033673, 0.38573122, 0.2798403, -7.674007, -6.4116783, -17.109352, -3.0989337
58.31244, 54.664246, -2.0309508, -0.47956806, -2.4577594, -1.0365504, 0.3912599, 0.28355813, -7.751567, -6.317691, -17.135942, -2.8632002
60.64068, 50.406693, -1.6671067, -0.1771279, -2.467762, -1.0376132, 0.39677453, 0.28725296, -7.8143716, -6.2398396, -17.159948, -2.6817224
62.440125, 47.09651, -1.2924659, 0.10545117, -2.4755168, -1.0369804, 0.40227488, 0.29092455, -7.8625245, -6.179054, -17.182524, -2.5544677
63.72368, 44.754974, -0.9101238, 0.37398103, -2.4809775, -1.0347365, 0.4077607, 0.29457253, -7.896149, -6.136027, -17.20444, -2.4814775
64.50122, 43.39917, -0.52311647, 0.63437605, -2.4841163, -1.0309303, 0.41323188, 0.2981967, -7.91537, -6.1112123, -17.226097, -2.4628775
64.77903, 43.04216, -0.1344423, 0.892629, -2.484923, -1.0255746, 0.41868818, 0.3017967, -7.9202967, -6.104826, -17.247524, -2.4988835
64.55937, 43.693146, 0.25291392, 1.1547879, -2.4834054, -1.0186459, 0.4241294, 0.30537224, -7.9110236, -6.1168385, -17.268375, -2.5898037
63.840233, 45.35788, 0.63595533, 1.4269352, -2.4795897, -1.0100843, 0.42955536, 0.30892307, -7.887626, -6.1469793, -17.287914, -2.7360299
62.61564, 48.03827, 1.0116491, 1.7151648, -2.4735198, -0.9997933, 0.43496585, 0.31244886, -7.8501697, -6.194743, -17.305004, -2.9380417
60.87603, 51.73227, 1.3769053, 2.0255585, -2.4652584, -0.98763996, 0.44036067, 0.31594935, -7.7987247, -6.2593846, -17.31807, -3.1963673
58.609154, 56.43309, 1.7285602, 2.364157, -2.454887, -0.973455, 0.44573966, 0.31942424, -7.7333875, -6.3399305, -17.325071, -3.5115738
55.800972, 62.128464, 2.063366, 2.7369277, -2.4425068, -0.95703346, 0.45110258, 0.32287326, -7.6543074, -6.4351826, -17.323463, -3.8842173
52.437653, 68.79898, 2.377992, 3.1497216, -2.4282389, -0.93813515, 0.45644927, 0.32629612, -7.561715, -6.5437346, -17.310143, -4.314802
48.50789, 76.415726, 2.6690392, 3.608216, -2.4122245, -0.91648585, 0.46177953, 0.32969257, -7.4559565, -6.663986, -17.281403, -4.80371
44.00582, 84.93703, 2.9330742, 4.1178384, -2.3946261, -0.8917788, 0.46709317, 0.3330623, -7.3375325, -6.794161, -17.232862, -5.3510923
38.935753, 94.303314, 3.1666887, 4.683658, -2.375626, -0.8636769, 0.47239, 0.33640504, -7.2071266, -6.9323397, -17.159428, -5.956789
33.31755, 104.429535, 3.366594, 5.3102355, -2.3554265, -0.8318155, 0.4776698, 0.33972058, -7.065635, -7.076496, -17.055218, -6.620161
27.194458, 115.19388, 3.5297608, 6.001399, -2.334248, -0.79580706, 0.4829324, 0.34300852, -6.914193, -7.224537, -16.913528, -7.339909
20.643242, 126.42102, 3.6536202, 6.7599254, -2.3123264, -0.75524753, 0.4881776, 0.3462687, -6.7541704, -7.374359, -16.72679, -8.11387
13.787582, 137.85753, 3.7363458, 7.5870705, -2.2899084, -0.70972514, 0.49340522, 0.34950086, -6.5871687, -7.523909, -16.486576, -8.938737
6.8156586, 149.13693, 3.7772398, 8.481892, -2.267245, -0.6588338, 0.49861512, 0.3527047, -6.414975, -7.6712513, -16.183641, -9.809746
0.0022277832, 159.73105, 3.7772532, 9.440278, -2.2445815, -0.60219216, 0.503807, 0.35587996, -6.239484, -7.8146553, -15.808031, -10.720322
-6.2650223, 168.88829, 3.7396631, 10.453608, -2.2221434, -0.5394705, 0.5089808, 0.35902637, -6.062583, -7.952678, -15.349308, -11.661686
-11.458023, 175.56264, 3.670915, 11.506984, -2.2001178, -0.4704286, 0.51413625, 0.36214375, -5.885964, -8.0842705, -14.796904, -12.6224575
-14.888657, 178.35431, 3.581583, 12.577109, -2.1786284, -0.39496595, 0.5192732, 0.36523178, -5.710892, -8.208879, -14.140686, -13.588337
-15.7157135, 175.50447, 3.4872887, 13.6301365, -2.1577048, -0.31318513, 0.5243915, 0.36829022, -5.537895, -8.326567, -13.371747, -14.541932
-13.009399, 165.01936, 3.4092324, 14.620253, -2.1372495, -0.2254636, 0.5294908, 0.37131882, -5.3664255, -8.438097, -12.483437, -15.462921
-5.9116516, 145.01888, 3.3737624, 15.490366, -2.1170068, -0.1325214, 0.5345712, 0.37431735, -5.194528, -8.5449915, -11.472592, -16.328686
6.090912, 114.35487, 3.410308, 16.176495, -2.096545, -0.03546244, 0.53963226, 0.37728557, -5.0186067, -8.649485, -10.340725, -17.115597
22.834778, 73.37317, 3.5473166, 16.616734, -2.075261, 0.06423796, 0.5446739, 0.3802232, -4.8333898, -8.754333, -9.094835, -17.800884
43.248352, 24.433136, 3.8068066, 16.763332, -2.0524204, 0.16481796, 0.5496959, 0.38313007, -4.6321907, -8.862438, -7.747523, -18.364792
65.42652, -28.3042, 4.1993656, 16.593508, -2.027224, 0.26437902, 0.55469817, 0.3860059, -4.4074435, -8.976327, -6.316147, -18.79248
87.07709, -79.96039, 4.721828, 16.113745, -1.9988931, 0.36106148, 0.55968046, 0.38885048, -4.151401, -9.097575, -4.821253, -19.075115
106.13895, -126.384384, 5.3586617, 15.355438, -1.9667412, 0.4531941, 0.5646426, 0.39166352, -3.8568015, -9.226326, -3.2846215, -19.209942
121.235634, -165.13759, 6.0860753, 14.364613, -1.9302248, 0.5393818, 0.56958437, 0.39444485, -3.5173926, -9.36098, -1.7275553, -19.199501
131.77815, -195.60245, 6.8767443, 13.190998, -1.8889643, 0.61852777, 0.5745057, 0.39719424, -3.12827, -9.498101, -0.16963077, -19.050404
137.78984, -218.43909, 7.7034836, 11.880363, -1.8427434, 0.6898099, 0.5794063, 0.39991146, -2.6860747, -9.632498, 1.3720064, -18.772081
139.64423, -234.88028, 8.541349, 10.471082, -1.7914953, 0.75263643, 0.5842861, 0.40259627, -2.1891172, -9.757446, 2.882923, -18.375706
137.85562, -246.19984, 9.368484, 8.993883, -1.7352844, 0.80659974, 0.5891448, 0.4052485, -1.6374738, -9.865023, 4.351404, -17.873352
132.9623, -253.43953, 10.166257, 7.473246, -1.674287, 0.85143924, 0.59398234, 0.40786788, -1.03306, -9.946497, 5.768303, -17.277353
125.48195, -257.33014, 10.919148, 5.929265, -1.608772, 0.8870148, 0.59879845, 0.41045424, -0.37966585, -9.99279, 7.126793, -16.599838
115.90546, -258.32065, 11.614581, 4.379341, -1.5390846, 0.91329086, 0.60359305, 0.41300732, 0.31706458, -9.994972, 8.422049, -15.85238
104.701706, -256.6471, 12.242791, 2.8394585, -1.4656278, 0.9303276, 0.6083659, 0.415527, 1.0497477, -9.944749, 9.650903, -15.045742
92.320175, -252.4063, 12.796712, 1.3250207, -1.3888475, 0.9382777, 0.6131168, 0.41801298, 1.809466, -9.834929, 10.811458, -14.189714
79.1857, -245.61754, 13.271826, -0.14868462, -1.3092165, 0.9373856, 0.6178457, 0.4204651, 2.5860696, -9.659826, 11.902706, -13.293044
65.68642, -236.26848, 13.665944, -1.5662955, -1.2272208, 0.9279879, 0.62255234, 0.42288318, 3.3685584, -9.415562, 12.924187, -12.363435
52.157932, -224.34445, 13.978891, -2.912362, -1.1433474, 0.9105137, 0.62723655, 0.425267, 4.1455064, -9.100263, 13.875671, -11.407619
38.86781, -209.84445, 14.212098, -4.1714287, -1.0580748, 0.8854851, 0.6318982, 0.4276164, 4.905506, -8.714127, 14.756939, -10.431468
26.004707, -192.78868, 14.368126, -5.328161, -0.9718661, 0.85351616, 0.6365371, 0.42993113, 5.637593, -8.259392, 15.56764, -9.44013
13.674736, -173.22197, 14.450174, -6.3674927, -0.88516504, 0.8153112, 0.64115304, 0.43221104, 6.331618, -7.740195, 16.30723, -8.438166
1.9073257, -151.2192, 14.461618, -7.274808, -0.79839534, 0.77166235, 0.64574593, 0.43445596, 6.978569, -7.1623716, 16.974995, -7.4296694
-9.3293915, -126.897415, 14.4056425, -8.036192, -0.7119615, 0.7234452, 0.6503156, 0.43666568, 7.570819, -6.5332007, 17.57016, -6.4183664
-20.103859, -100.439316, 14.285019, -8.638828, -0.6262514, 0.6716122, 0.65486187, 0.43884003, 8.1023035, -5.8611164, 18.092018, -5.407664
-30.490608, -72.126144, 14.102076, -9.071585, -0.541639, 0.6171827, 0.6593845, 0.44097883, 8.568648, -5.155411, 18.540127, -4.400692
-40.53759, -42.375732, 13.8588505, -9.325839, -0.45848587, 0.5612276, 0.66388345, 0.44308192, 8.9672365, -4.4259086, 18.914505, -3.4002976
-50.238663, -11.771194, 13.557419, -9.396466, -0.37714136, 0.50484884, 0.66835845, 0.4451491, 9.297212, -3.6826422, 19.215776, -2.409036
-59.517395, 18.934967, 13.2003145, -9.282856, -0.29793948, 0.4491517, 0.6728094, 0.44718024, 9.559434, -2.9355109, 19.445326, -1.4291446
-68.22966, 48.857864, 12.790936, -8.989709, -0.22119385, 0.39521343, 0.6772362, 0.44917518, 9.756363, -2.1939454, 19.605331, -0.4625194
-76.186134, 77.063126, 12.333819, -8.52733, -0.14719093, 0.34404945, 0.68163854, 0.4511337, 9.89187, -1.4666002, 19.698727, 0.48929477
-83.190125, 102.683044, 11.834679, -7.911232, -0.07618286, 0.29658207, 0.6860164, 0.4530557, 9.970995, -0.7610918, 19.729097, 1.4251002
-89.08008, 125.03639, 11.300199, -7.1610136, -0.008381665, 0.25361598, 0.6903695, 0.454941, 9.999649, -0.08381567, 19.700455, 2.3440208
-93.762955, 143.71732, 10.737621, -6.29871, 0.056044064, 0.21582371, 0.6946978, 0.45678943, 9.9843, 0.5601473, 19.61701, 3.2454581
-97.22974, 158.62848, 10.1542425, -5.346939, 0.11696952, 0.18374208, 0.699001, 0.45860088, 9.931668, 1.1670297, 19.482927, 4.1290293
-99.54996, 169.95398, 9.556943, -4.327215, 0.17431118, 0.15777878, 0.70327914, 0.46037516, 9.848462, 1.7342979, 19.302094, 4.994493
-100.85099, 178.08849, 8.951837, -3.2586842, 0.22802219, 0.13822667, 0.7075319, 0.4621122, 9.741154, 2.2605135, 19.077927, 5.841669
-101.290764, 183.54797, 8.344092, -2.1573963, 0.27808675, 0.12528229, 0.71175927, 0.46381178, 9.615824, 2.745164, 18.813261, 6.670356
-101.03134, 186.88441, 7.7379045, -1.0360898, 0.32451418, 0.11906575, 0.7159609, 0.46547377, 9.478058, 3.1884837, 18.51027, 7.4802403
-100.21778, 188.6177, 7.1365976, 0.09561646, 0.36733377, 0.11963945, 0.7201369, 0.46709812, 9.332882, 3.5912836, 18.170414, 8.270815
-98.964806, 189.19104, 6.5428085, 1.2307627, 0.4065906, 0.12702402, 0.72428685, 0.46868458, 9.184745, 3.9548018, 17.794487, 9.041289
-97.349014, 188.94496, 5.9587145, 2.3644323, 0.4423429, 0.14121062, 0.7284108, 0.47023308, 9.037513, 4.2805805, 17.382612, 9.79051
-95.4057, 188.10576, 5.38628, 3.4930668, 0.47466058, 0.16216901, 0.7325085, 0.4717435, 8.89448, 4.570366, 16.93433, 10.516861
-93.12903, 186.78537, 4.827506, 4.613779, 0.50362563, 0.18985169, 0.7365798, 0.4732157, 8.758386, 4.8260417, 16.448666, 11.218194
-90.47417, 184.98752, 4.2846613, 5.7237043, 0.5293336, 0.22419392, 0.7406246, 0.4746496, 8.631437, 5.0495825, 15.924235, 11.891738
-87.36238, 182.62207, 3.760487, 6.819437, 0.5518965, 0.26511055, 0.74464273, 0.47604504, 8.515317, 5.2430315, 15.359381, 12.534039
-83.68899, 179.52808, 3.2583532, 7.8966055, 0.57144666, 0.3124902, 0.7486341, 0.4774019, 8.411194, 5.4084945, 14.752313, 13.140907
-79.33574, 175.50714, 2.7823389, 8.949648, 0.58814067, 0.36618808, 0.75259846, 0.47872013, 8.319737, 5.5481505, 14.101303, 13.707409
-74.18697, 170.3675, 2.337217, 9.971853, 0.602164, 0.4260192, 0.75653577, 0.47999957, 8.241118, 5.664272, 13.404874, 14.227894
-68.148544, 163.9747, 1.9283259, 10.955702, 0.61373395, 0.4917534, 0.76044583, 0.48124012, 8.175033, 5.7592397, 12.662022, 14.69607
-61.165764, 156.30055, 1.5613313, 11.893505, 0.62310195, 0.5631144, 0.76432854, 0.4824417, 8.120722, 5.8355694, 11.872419, 15.10513
-53.23527, 147.45662, 1.2419196, 12.778245, 0.6305535, 0.63978386, 0.7681837, 0.48360416, 8.077013, 5.8959193, 11.0366, 15.447927
-44.406002, 137.70113, 0.97548366, 13.604452, 0.63640636, 0.7214106, 0.7720112, 0.4847275, 8.042366, 5.9430914, 10.1560955, 15.717146
-34.767212, 127.41366, 0.7668804, 14.368934, 0.64100766, 0.80762416, 0.7758109, 0.48581156, 8.0149355, 5.980034, 9.233544, 15.905506
-24.425537, 117.042946, 0.6203272, 15.071192, 0.6447296, 0.8980513, 0.77958274, 0.48685628, 7.992623, 6.009824, 8.27274, 16.005901
-13.476971, 107.04271, 0.53946537, 15.713448, 0.6479664, 0.992332, 0.78332645, 0.48786157, 7.9731283, 6.035662, 7.2786674, 16.011518
-1.9811516, 97.81324, 0.5275785, 16.300327, 0.65113187, 1.0901339, 0.78704196, 0.48882732, 7.953983, 6.060871, 6.2575326, 15.915923
10.056065, 89.662834, 0.5879149, 16.838305, 0.65465933, 1.1911638, 0.79072917, 0.48975348, 7.932554, 6.0888906, 5.2168274, 15.71307
22.689152, 82.7936, 0.7240498, 17.335066, 0.6590036, 1.2951741, 0.79438794, 0.49063998, 7.9060273, 6.1232944, 4.165442, 15.3973465
36.02883, 77.307884, 0.9402228, 17.798914, 0.66464496, 1.4019676, 0.79801804, 0.49148673, 7.8713584, 6.167797, 3.1138597, 14.963603
50.22859, 73.22833, 1.2415943, 18.238283, 0.6720945, 1.5113974, 0.80161947, 0.4922937, 7.825193, 6.2262635, 2.0744443, 14.407272
65.46236, 70.522, 1.6343684, 18.661415, 0.68190074, 1.6233659, 0.805192, 0.49306074, 7.7637615, 6.302698, 1.0618205, 13.724557
81.89195, 69.12327, 2.12572, 19.076155, 0.69465506, 1.7378228, 0.80873555, 0.49378788, 7.6827455, 6.4012046, 0.09335852, 12.912827
99.61862, 68.95168, 2.7234318, 19.489864, 0.7109957, 1.854762, 0.81225, 0.49447504, 7.5771246, 6.5258856, -0.81025505, 11.971237
118.61096, 69.92275, 3.4350977, 19.9094, 0.73160625, 1.9742184, 0.8157352, 0.4951221, 7.441023, 6.6806574, -1.6244383, 10.901726
138.59674, 71.95201, 4.2666783, 20.341112, 0.7572063, 2.096265, 0.81919104, 0.4957291, 7.267578, 6.8689384, -2.3202162, 9.710454
158.90627, 74.95293, 5.220116, 20.79083, 0.788527, 2.22101, 0.8226174, 0.4962959, 7.048909, 7.0931573, -2.8640242, 8.40988
178.26108, 78.82913, 6.2896824, 21.263805, 0.8262651, 2.3485928, 0.8260141, 0.49682254, 6.7762713, 7.3540564, -3.2181964, 7.021466
194.5232, 83.46597, 7.4568214, 21.7646, 0.871006, 2.4791803, 0.8293811, 0.4973089, 6.4405727, 7.6497726, -3.342658, 5.57893
204.4729, 88.72995, 8.683659, 22.29698, 0.923108, 2.6129622, 0.83271825, 0.49775502, 6.033445, 7.9748063, -3.1985297, 4.131546
203.77399, 94.49367, 9.906302, 22.863941, 0.9825458, 2.750146, 0.8360254, 0.4981608, 5.5490646, 8.319128, -2.7542229, 2.7463884
187.39638, 100.7064, 11.030681, 23.46818, 1.0487299, 2.890955, 0.8393025, 0.49852625, 4.986724, 8.667906, -1.9940157, 1.5076499
150.7889, 107.50846, 11.935414, 24.11323, 1.1203424, 3.0356343, 0.8425494, 0.4988513, 4.3537426, 9.002496, -0.92768717, 0.5109415
91.827354, 115.32421, 12.486379, 24.805176, 1.1952606, 3.1844654, 0.84576595, 0.49913597, 3.6677094, 9.303113, 0.402097, -0.14864731
12.896294, 124.80136, 12.563756, 25.553984, 1.2706432, 3.3377893, 0.84895205, 0.49938017, 2.9566646, 9.552912, 1.9189738, -0.39310265
-78.240036, 136.53548, 12.094316, 26.373196, 1.3432091, 3.4960284, 0.8521076, 0.49958396, 2.256276, 9.742136, 3.521364, -0.17751884
-169.93765, 150.78664, 11.07469, 27.277916, 1.4096572, 3.6596959, 0.8552324, 0.49974725, 1.6044264, 9.870452, 5.0987396, 0.50083256
-250.26021, 167.56033, 9.573129, 28.283278, 1.467096, 3.8293955, 0.8583265, 0.49987006, 1.035146, 9.94628, 6.549656, 1.6042061
-310.81607, 187.12674, 7.7082324, 29.406038, 1.5133454, 4.0058317, 0.8613897, 0.4999524, 0.57419366, 9.983501, 7.7948813, 3.0652885
-348.867, 210.58472, 5.6150303, 30.669546, 1.5470356, 4.189849, 0.86442184, 0.49999425, 0.23758516, 9.997177, 8.782107, 4.801878
-367.01346, 240.06532, 3.4129496, 32.10994, 1.5675132, 4.3825088, 0.8674229, 0.4999956, 0.032830935, 9.999947, 9.482956, 6.729604
-371.20154, 278.55984, 1.1857402, 33.7813, 1.5746276, 4.5851965, 0.87039274, 0.49995643, -0.038313016, 9.999927, 9.8856945, 8.7694435
-368.3614, 329.56332, -1.0244281, 35.75868, 1.5684811, 4.7997484, 0.8733312, 0.49987677, 0.02315237, 9.999973, 9.987012, 10.849389
-364.5276, 396.4268, -3.2115936, 38.137238, 1.5492115, 5.028572, 0.8762382, 0.4997566, 0.21583149, 9.997671, 9.78502, 12.901226
-363.29047, 480.41995, -5.3913364, 41.019756, 1.5168635, 5.2746906, 0.87911373, 0.49959597, 0.5390672, 9.98546, 9.274465, 14.852989
-363.20718, 574.5195, -7.5705795, 44.466873, 1.47144, 5.541492, 0.8819576, 0.4993949, 0.99192977, 9.950682, 8.445364, 16.617489
-351.36102, 646.3815, -9.678745, 48.34516, 1.4133675, 5.831563, 0.8847697, 0.49915335, 1.5677934, 9.876336, 7.28869, 18.078247
-291.8903, 607.50885, -11.430087, 51.990215, 1.344787, 6.143504, 0.88754994, 0.49887136, 2.2409012, 9.745685, 5.816842, 19.084455
-131.8485, 325.84464, -12.221178, 53.945282, 1.2714599, 6.467176, 0.89029825, 0.49854895, 2.9488616, 9.555324, 4.099762, 19.488874
115.324356, -162.91766, -11.529232, 52.967777, 1.2022846, 6.7849827, 0.8930145, 0.4981862, 3.602275, 9.328645, 2.2733593, 19.239952
316.82883, -525.1175, -9.628259, 49.817074, 1.144515, 7.083885, 0.8956986, 0.49778306, 4.134877, 9.105097, 0.47756243, 18.4123
404.02014, -597.1958, -7.204138, 46.2339, 1.1012902, 7.3612885, 0.8983504, 0.49733964, 4.524459, 8.917919, -1.1927114, 17.122429
429.01172, -513.75, -4.6300673, 43.151398, 1.0735098, 7.620197, 0.9009699, 0.49685588, 4.770425, 8.788803, -2.6741695, 15.46548
443.34384, -399.05933, -1.9700043, 40.757042, 1.0616897, 7.864739, 0.903557, 0.49633193, 4.8739734, 8.731803, -3.9097543, 13.511564
466.0797, -296.60202, 0.82647395, 38.97743, 1.0666486, 8.098603, 0.90611154, 0.49576774, 4.8306136, 8.755865, -4.8345027, 11.322092
498.9986, -213.54002, 3.8204656, 37.69619, 1.0895714, 8.32478, 0.9086335, 0.4951634, 4.628654, 8.864286, -5.3708024, 8.96855
535.23517, -147.29082, 7.0318766, 36.812447, 1.1317626, 8.545655, 0.9111227, 0.49451897, 4.25065, 9.051628, -5.431909, 6.55202
560.2876, -93.92064, 10.393602, 36.248924, 1.1941242, 8.763149, 0.9135791, 0.49383447, 3.6782792, 9.298939, -4.937149, 4.2220893
551.1838, -49.71251, 13.700705, 35.95065, 1.2763284, 8.978853, 0.91600263, 0.49310994, 2.902307, 9.569568, -3.843474, 2.1875324
479.5279, -10.163406, 16.577871, 35.889668, 1.3757957, 9.194191, 0.9183932, 0.4923455, 1.9376713, 9.810475, -2.1908922, 0.7025137
324.0016, 31.826164, 18.521881, 36.080624, 1.486927, 9.410675, 0.9207507, 0.49154118, 0.83771, 9.96485, -0.14044547, 0.012804985
90.095, 85.34127, 19.06245, 36.59267, 1.6013018, 9.630231, 0.923075, 0.49069703, -0.3050073, 9.995347, 2.0327456, 0.2724409
-180.85529, 155.5082, 17.977318, 37.52572, 1.7091657, 9.855385, 0.9253661, 0.48981315, -1.3792825, 9.904422, 4.008415, 1.4798908
-429.49142, 238.18466, 15.40037, 38.954826, 1.8015679, 10.089114, 0.9276239, 0.48888958, -2.2872872, 9.734901, 5.5154786, 3.4805555
-609.5616, 325.35007, 11.743, 40.906925, 1.872026, 10.334556, 0.9298483, 0.48792642, -2.966947, 9.549724, 6.3927627, 6.0289516
-706.4542, 416.2199, 7.504275, 43.404243, 1.9170517, 10.594981, 0.93203926, 0.48692375, -3.3937778, 9.406502, 6.591463, 8.863388
-735.6681, 521.3279, 3.0902662, 46.53221, 1.9355932, 10.874174, 0.9341966, 0.48588163, -3.5675957, 9.341963, 6.1376534, 11.751972
-728.21716, 658.28516, -1.279037, 50.481922, 1.927919, 11.177066, 0.93632036, 0.48480013, -3.4957993, 9.369065, 5.0884027, 14.498538
-713.1661, 843.06323, -5.5580335, 55.540302, 1.8945708, 11.510307, 0.93841034, 0.48367938, -3.181472, 9.480413, 3.5042589, 16.916878
-699.80554, 1065.573, -9.756866, 61.93374, 1.8360296, 11.881909, 0.94046664, 0.48251945, -2.6213443, 9.650314, 1.4492056, 18.784351
-639.6992, 1196.1969, -13.595062, 69.110916, 1.7544593, 12.296575, 0.942489, 0.48132044, -1.8263211, 9.831813, -0.9660561, 19.794743
-352.36484, 785.511, -15.709251, 73.82398, 1.6602037, 12.739518, 0.94447744, 0.48008242, -0.892883, 9.960058, -3.488373, 19.617357
284.58435, -467.8855, -14.001745, 71.01667, 1.5761932, 13.165618, 0.94643193, 0.47880554, -0.05396861, 9.999855, -5.7386594, 18.226902
765.5687, -1303.3018, -9.408333, 63.19686, 1.5197432, 13.544799, 0.94835234, 0.47748986, 0.51030946, 9.986971, -7.4901686, 15.986334
862.45087, -1209.0691, -4.233628, 55.942448, 1.4943415, 13.880453, 0.9502386, 0.47613552, 0.7638037, 9.970788, -8.686306, 13.241176
861.40546, -905.43054, 0.9348049, 50.509865, 1.4999503, 14.183513, 0.9520906, 0.4747426, 0.70786786, 9.974915, -9.289131, 10.219892
880.2589, -668.7971, 6.2163587, 46.49708, 1.5372485, 14.462495, 0.9539084, 0.47331125, 0.33541542, 9.994373, -9.241918, 7.117797
919.1238, -514.17505, 11.731102, 43.412033, 1.6076351, 14.722967, 0.95569175, 0.4718415, -0.36830482, 9.993216, -8.491726, 4.1614027
946.70386, -417.1971, 17.411325, 40.90885, 1.7121031, 14.96842, 0.9574408, 0.4703336, -1.4083701, 9.900328, -7.0402327, 1.6370277
919.6545, -352.29507, 22.929253, 38.795082, 1.8496786, 15.201191, 0.9591553, 0.46878758, -2.752813, 9.613637, -5.012045, -0.1278143
797.4551, -290.5037, 27.713984, 37.05206, 2.0159626, 15.423503, 0.96083534, 0.46720356, -4.3060794, 9.025391, -2.7059379, -0.84575653
566.948, -197.82147, 31.115671, 35.86513, 2.2026567, 15.638694, 0.9624808, 0.46558172, -5.90647, 8.069301, -0.5726738, -0.38945866
255.21376, -47.879707, 32.646954, 35.577854, 2.3985386, 15.852161, 0.96409154, 0.46392217, -7.364058, 6.765401, 0.89575243, 1.1284223
-92.06807, 158.87636, 32.094543, 36.531113, 2.591106, 16.071348, 0.9656676, 0.46222505, -8.5227, 5.231021, 1.3027754, 3.3709052
-439.9279, 395.08014, 29.454975, 38.901592, 2.7678359, 16.304758, 0.9672089, 0.46049047, -9.309623, 3.6511543, 0.4426775, 5.8630857
-761.2439, 628.54736, 24.887512, 42.672874, 2.917161, 16.560795, 0.9687154, 0.4587186, -9.7492075, 2.2255232, -1.6595106, 8.104027
-1020.4786, 845.2185, 18.76464, 47.744186, 3.029749, 16.84726, 0.970187, 0.45690957, -9.93752, 1.116107, -4.7675085, 9.675954
-1185.102, 1061.9196, 11.654028, 54.115704, 3.099673, 17.171953, 0.9716237, 0.45506352, -9.991215, 0.41907343, -8.509424, 10.308679
-1256.6509, 1326.818, 4.1141224, 62.07661, 3.1243577, 17.544413, 0.9730254, 0.4531806, -9.998514, 0.172341, -12.457218, 9.865369
-1270.8282, 1692.9543, -3.510847, 72.23434, 3.1032927, 17.97782, 0.97439206, 0.451261, -9.992666, 0.38290587, -16.129833, 8.278168
-1215.0208, 2070.7888, -10.800972, 84.65907, 3.038487, 18.485773, 0.9757237, 0.44930485, -9.946893, 1.0292311, -18.876621, 5.5303354
-749.3732, 1584.7141, -15.297211, 94.16736, 2.9467037, 19.050777, 0.97702014, 0.4473123, -9.810692, 1.9365762, -19.810492, 1.8732585
679.5366, -1157.2402, -11.219991, 87.223915, 2.8793838, 19.574121, 0.97828144, 0.4452835, -9.658197, 2.5921452, -18.608238, -1.8684347
1604.8016, -2612.6943, -1.5911808, 71.547745, 2.8698368, 20.003408, 0.9795075, 0.44321865, -9.633011, 2.6842327, -15.988348, -5.036498
1630.4832, -2095.9922, 8.191718, 58.97179, 2.918987, 20.357239, 0.98069835, 0.4411179, -9.753255, 2.207717, -12.571728, -7.386876
1580.777, -1627.3558, 17.67638, 49.207657, 3.0250454, 20.652485, 0.98185384, 0.4389814, -9.93216, 1.1628358, -8.778878, -8.770438
1542.4012, -1427.1165, 26.930788, 40.64496, 3.1866302, 20.896355, 0.982974, 0.43680936, -9.989861, -0.4502237, -5.0120363, -9.123243
1447.165, -1395.7137, 35.613777, 32.270676, 3.400313, 21.08998, 0.9840588, 0.43460196, -9.667182, -2.5584362, -1.6608772, -8.550021
1255.1865, -1443.7357, 43.144897, 23.608261, 3.6591823, 21.231628, 0.98510814, 0.4323593, -8.690144, -4.9478693, 1.0186272, -7.34365
985.5635, -1509.4398, 49.058277, 14.551622, 3.953532, 21.318937, 0.986122, 0.43008167, -6.880925, -7.2562294, 3.021615, -5.863498
691.8535, -1572.692, 53.209396, 5.11547, 4.2727885, 21.34963, 0.9871004, 0.42776918, -4.2557793, -9.049217, 4.569064, -4.3457985
412.61642, -1653.6381, 55.685097, -4.8063583, 4.6068993, 21.320793, 0.98804325, 0.42542204, -1.0529418, -9.944411, 5.950254, -2.806117
153.9927, -1781.1173, 56.609055, -15.493062, 4.9465537, 21.227835, 0.98895055, 0.42304045, 2.3203058, -9.727085, 7.3682923, -1.0947132
-83.11099, -1954.0011, 56.11039, -27.217068, 5.283216, 21.064533, 0.9898222, 0.42062458, 5.403281, -8.414544, 8.886571, 0.9591789
-261.28546, -2124.9453, 54.54268, -39.96674, 5.610472, 20.824734, 0.9906582, 0.41817465, 7.82134, -6.231103, 10.472576, 3.4110413
-296.50488, -2243.9382, 52.76365, -53.43037, 5.927054, 20.504152, 0.9914586, 0.41569084, 9.372526, -3.4865096, 12.062306, 6.1449537
-118.40607, -2361.4915, 52.05321, -67.59932, 6.239373, 20.098557, 0.9922233, 0.41317338, 9.990404, -0.43798086, 13.565583, 8.901082
258.33478, -2626.6018, 53.603218, -83.35893, 6.5609927, 19.598402, 0.9929523, 0.41062242, 9.6165905, 2.742478, 14.793435, 11.298195
658.0529, -2846.5042, 57.551537, -100.43796, 6.906302, 18.995773, 0.9936455, 0.40803823, 8.120636, 5.8356895, 15.30438, 12.792256
258.48132, -919.9922, 59.102425, -105.95791, 7.2609167, 18.360025, 0.9943029, 0.40542096, 5.5890517, 8.2923155, 14.420837, 12.982684
-999.7324, 3289.5105, 53.10403, -86.22085, 7.5795407, 17.842701, 0.9949246, 0.40277088, 2.7100883, 9.625769, 12.293955, 12.480499
-717.8592, 3220.6885, 48.796875, -66.89671, 7.872322, 17.44132, 0.9955104, 0.40008813, -0.1833942, 9.998318, 9.653424, 11.79748
-175.98914, 2322.5652, 47.74094, -52.961323, 8.158768, 17.123552, 0.99606043, 0.39737302, -3.0008912, 9.539112, 6.887449, 11.029328
161.02002, 1892.2942, 48.70706, -41.60756, 8.45101, 16.873907, 0.9965745, 0.3946257, -5.621872, 8.270101, 4.1940384, 10.18005
342.86356, 1746.0027, 50.764244, -31.131542, 8.755595, 16.687119, 0.9970528, 0.39184642, -7.843289, 6.2034516, 1.6801276, 9.253785
393.69376, 1736.281, 53.126408, -20.713856, 9.074353, 16.562836, 0.9974952, 0.3890354, -9.39227, 3.4329677, -0.6378498, 8.266199
321.7497, 1798.28, 55.056908, -9.924175, 9.404695, 16.50329, 0.9979016, 0.38619286, -9.997984, 0.20082054, -2.855484, 7.199727
129.71979, 1926.6736, 55.835228, 1.6358662, 9.739706, 16.513105, 0.9982721, 0.38331905, -9.508186, -3.0974808, -5.1519938, 5.9038296
-203.05415, 2148.685, 54.6169, 14.527977, 10.067408, 16.600273, 0.99860674, 0.3804142, -8.005226, -5.993026, -7.6467347, 4.0005465
-728.04443, 2489.307, 50.248634, 29.463818, 10.368899, 16.777056, 0.99890536, 0.3774785, -5.8645477, -8.09982, -10.145794, 0.937377
-1472.3113, 2947.391, 41.414764, 47.148163, 10.617388, 17.059944, 0.99916804, 0.37451226, -3.6923575, -9.293358, -11.9626045, -3.6717024
-2309.6882, 3517.2515, 27.556635, 68.25167, 10.782727, 17.469454, 0.9993948, 0.37151566, -2.1124356, -9.774334, -12.1099825, -9.552834
-2928.4453, 4266.993, 9.985964, 93.85363, 10.842643, 18.032576, 0.9995855, 0.368489, -1.5233607, -9.883287, -9.771725, -15.537003
-2928.3406, 4956.4414, -7.5840797, 123.59228, 10.797138, 18.77413, 0.99974024, 0.36543247, -1.9713634, -9.803761, -4.67588, -19.431095
-419.96808, 894.6042, -10.1038885, 128.9599, 10.736515, 19.54789, 0.999859, 0.36234632, -2.5617127, -9.666314, 1.6911173, -18.716919
3627.5745, -6185.6733, 11.661559, 91.845856, 10.806484, 20.098965, 0.99994177, 0.35923085, -1.8796526, -9.821756, 6.8454604, -14.707697
3452.799, -4574.67, 32.378353, 64.397835, 11.000754, 20.485352, 0.9999885, 0.35608628, 0.051800456, -9.999866, 10.0271845, -9.298638
3039.3616, -3835.6973, 50.614525, 41.38365, 11.304441, 20.733654, 0.9999993, 0.35291284, 3.039796, -9.526786, 11.16597, -3.698811
2457.7239, -3993.5403, 65.36087, 17.42241, 11.696607, 20.838188, 0.999974, 0.34971085, 6.4500694, -7.6417675, 10.817086, 1.3542957
1618.0793, -4546.6753, 75.06934, -9.857643, 12.147022, 20.779043, 0.9999128, 0.34648052, 9.133545, -4.071654, 9.739766, 5.9099536
729.77435, -5236.927, 79.44799, -41.279205, 12.623711, 20.531368, 0.9998156, 0.3432221, 9.983565, 0.573086, 8.307947, 10.431702
214.58423, -5819.0703, 80.7355, -76.19363, 13.108124, 20.074207, 0.9996823, 0.3399359, 8.56806, 5.1563888, 6.624428, 14.965685
589.0598, -6266.4023, 84.26985, -113.79204, 13.613743, 19.391455, 0.9995131, 0.33662218, 4.9984875, 8.661127, 4.8137703, 18.65942
1329.77, -5632.893, 92.248474, -147.5894, 14.167233, 18.505919, 0.99930793, 0.33328116, -0.30061996, 9.995481, 2.7839446, 19.507866
-1470.637, 5368.3237, 83.42465, -115.379456, 14.667782, 17.813643, 0.9990667, 0.32991317, -5.0606375, 8.624961, -0.21993399, 17.375252
-1179.5828, 7185.6895, 76.34715, -72.26532, 15.125865, 17.38005, 0.9987896, 0.32651845, -8.353108, 5.497779, -3.7281666, 14.364002
-55.19751, 5349.614, 76.01597, -40.167637, 15.581961, 17.139046, 0.9984765, 0.3230973, -9.920722, 1.2566943, -7.294734, 10.905745
-37.556885, 5269.438, 75.79063, -8.551008, 16.036705, 17.08774, 0.9981274, 0.31964993, -9.464494, -3.228524, -10.837346, 6.676791
-990.31256, 6016.146, 69.848755, 27.54587, 16.455797, 17.253016, 0.9977425, 0.3161767, -7.3316364, -6.800523, -13.941181, 0.70373774
-2907.9302, 7389.5044, 52.401176, 71.8829, 16.770205, 17.684313, 0.99732155, 0.31267786, -4.869157, -8.734489, -14.816157, -7.7062917
-5027.854, 9269.811, 22.234053, 127.501755, 16.903608, 18.449324, 0.99686474, 0.3091537, -3.664133, -9.3045225, -10.664034, -16.446049
-3761.326, 7203.5557, -0.33390236, 170.72308, 16.901606, 19.473661, 0.99637204, 0.3056045, -3.6827598, -9.297165, -1.2382689, -18.993786
6870.6904, -11906.238, 40.890244, 99.28565, 17.146948, 20.069376, 0.99584347, 0.30203053, -1.3143038, -9.913254, 7.5427365, -14.555757
6392.128, -9842.092, 79.24301, 40.2331, 17.622406, 20.310774, 0.9952791, 0.29843208, 3.3692253, -9.415323, 13.09653, -7.0959396
4808.459, -10993.9795, 108.093765, -25.730774, 18.27097, 20.15639, 0.99467885, 0.2948095, 8.372364, -5.468411, 15.835775, 1.1872249
3002.4868, -13982.39, 126.10869, -109.625114, 19.027622, 19.498638, 0.9940428, 0.291163, 9.84188, 1.7712678, 16.611652, 9.131308
2768.1182, -13519.918, 142.71739, -190.74463, 19.883926, 18.35417, 0.99337095, 0.28749293, 5.1106715, 8.595408, 13.692966, 13.728071
-3683.6382, 15407.176, 120.61556, -98.301575, 20.60762, 17.76436, 0.9926634, 0.2837996, -1.8617535, 9.825165, 5.958628, 16.05747
-1962.0249, 14472.35, 108.843414, -11.467476, 21.260681, 17.695555, 0.99192, 0.28008324, -7.448626, 6.6721783, -4.363106, 16.184254
-4169.4785, 15574.604, 83.826546, 81.98015, 21.763641, 18.187435, 0.99114096, 0.2763442, -9.742316, 2.2554967, -16.039328, 10.023872
-7753.9014, 17346.414, 37.30314, 186.05862, 21.987461, 19.303787, 0.9903262, 0.2725828, -9.999932, 0.036874767, -19.002037, -4.3176765
9599.448, -17867.24, 94.899826, 78.85518, 22.55686, 19.776918, 0.98947585, 0.2687993, -8.442075, -5.360165, -9.218517, -15.329977
10258.136, -22348.01, 156.44864, -55.23288, 23.495552, 19.44552, 0.9885899, 0.26499406, -0.66344076, -9.977968, 4.38818, -18.608213
6559.3667, -23981.676, 195.80484, -199.12294, 24.670382, 18.250782, 0.9876683, 0.26116732, 8.950025, -4.460613, 13.828871, -13.189695
-6594.9385, 31195.42, 156.23521, -11.950424, 25.607792, 18.17908, 0.98671114, 0.25731942, 8.892695, 4.5738354, 18.70235, 2.6320076
-9371.619, 29793.832, 100.0055, 166.81258, 26.207825, 19.179955, 0.9857185, 0.2534507, 4.756588, 8.796299, 6.402211, 18.659966
11311.248, -23956.922, 167.87299, 23.071045, 27.215063, 19.31838, 0.9846903, 0.24956144, -4.895081, 8.719988, -13.2020035, 14.287307
11355.457, -32021.826, 236.00574, -169.05992, 28.631098, 18.30402, 0.9836267, 0.24565196, -9.370319, -3.4924376, -19.192677, -1.6159271
-10048.122, 44261.805, 175.71701, 96.51091, 29.6854, 18.883085, 0.98252773, 0.2417226, -1.5905185, -9.872703, -2.84918, -19.793175
1626.8167, -3991.433, 185.4779, 72.56231, 30.798267, 19.318459, 0.98139334, 0.23777364, 8.152363, -5.7912846, 18.041924, -7.27337
17945.27, -46677.195, 293.14954, -207.50085, 32.557163, 18.073454, 0.9802236, 0.23380543, 4.164705, 9.091493, 13.505468, 12.662226
-16737.604, 82281.25, 192.7239, 286.18665, 33.71351, 19.790573, 0.9790186, 0.22981828, -6.6447105, 7.4731402, -16.597696, 6.504595
72431.46, -138371.4, 627.3127, -544.0418, 37.477386, 16.526321, 0.9777784, 0.22581252, 9.755195, -2.1991308, 1.482873, -7.817733
64799.613, 236737.75, 1016.11035, 876.3847, 43.574047, 21.78463, 0.9765029, 0.22178847, 9.178169, -3.970038, 1.0091228, 1.7976899
244948.13, -219354.78, 2485.799, -439.74396, 58.488842, 19.146166, 0.9751923, 0.21774645, -3.6103537, 9.325521, -9.788731, 17.188578
1231579.3, -3944080.5, 9875.274, -24104.227, 117.74049, -125.4792, 0.9738466, 0.2136868, -0.69175446, -9.976045, 0.45842576, -19.90968
23917270, -61555816, 153378.9, -393439.13, 1038.0139, -2486.114, 0.9724658, 0.20960982, 2.7871516, 9.603738, -7.0616503, 7.8713655
14799370000, -28063687000, 88949600, -168775570, 534735.6, -1015139.56, 0.97105, 0.20551588, 4.141816, -9.101943, -1.1454983, -0.6140518
44667404000000, 928463950000000, 268093370000, 5570615000000, 1609095000, 33422674000, 0.9695993, 0.20140529, -9.915937, -1.2939059, -17.658657, -7.622437
-10889807000000000000000000, 8889809000000000000000000, -65338845000000000000000, 53338855000000000000000, -392033070000000000000, 320033140000000000000, 0.96811366, 0.19727838, 2.2100873, -9.752718, 9.978973, -3.456338
NaN, NaN, NaN, NaN, NaN, NaN, 0.96659315, 0.1931355, NaN, NaN, NaN, NaN
NaN, NaN, NaN, NaN, NaN, NaN, 0.9650379, 0.18897697, NaN, NaN, NaN, NaN
NaN, NaN, NaN, NaN, NaN, NaN, 0.9634478, 0.18480314, NaN, NaN, NaN, NaN
NaN, NaN, NaN, NaN, NaN, NaN, 0.9618231, 0.18061434, NaN, NaN, NaN, NaN
NaN, NaN, NaN, NaN, NaN, NaN, 0.9601638, 0.1764109, NaN, NaN, NaN, NaN
NaN, NaN, NaN, NaN, NaN, NaN, 0.95846987, 0.17219317, NaN, NaN, NaN, NaN
NaN, NaN, NaN, NaN, NaN, NaN, 0.95674145, 0.1679615, NaN, NaN, NaN, NaN
NaN, NaN, NaN, NaN, NaN, NaN, 0.9549786, 0.16371623, NaN, NaN, NaN, NaN
NaN, NaN, NaN, NaN, NaN, NaN, 0.9531813, 0.15945768, NaN, NaN, NaN, NaN
NaN, NaN, NaN, NaN, NaN, NaN, 0.9513498, 0.15518622, NaN, NaN, NaN, NaN
NaN, NaN, NaN, NaN, NaN, NaN, 0.949484, 0.1509022, NaN, NaN, NaN, NaN
NaN, NaN, NaN, NaN, NaN, NaN, 0.947584, 0.14660595, NaN, NaN, NaN, NaN
NaN, NaN, NaN, NaN, NaN, NaN, 0.94564986, 0.14229783, NaN, NaN, NaN, NaN
NaN, NaN, NaN, NaN, NaN, NaN, 0.9436817, 0.13797818, NaN, NaN, NaN, NaN
NaN, NaN, NaN, NaN, NaN, NaN, 0.94167966, 0.13364735, NaN, NaN, NaN, NaN
NaN, NaN, NaN, NaN, NaN, NaN, 0.9396436, 0.1293057, NaN, NaN, NaN, NaN
NaN, NaN, NaN, NaN, NaN, NaN, 0.9375738, 0.12495358, NaN, NaN, NaN, NaN
NaN, NaN, NaN, NaN, NaN, NaN, 0.93547016, 0.120591335, NaN, NaN, NaN, NaN
NaN, NaN, NaN, NaN, NaN, NaN, 0.9333329, 0.11621932, NaN, NaN, NaN, NaN
NaN, NaN, NaN, NaN, NaN, NaN, 0.931162, 0.11183789, NaN, NaN, NaN, NaN
NaN, NaN, NaN, NaN, NaN, NaN, 0.92895764, 0.1074474, NaN, NaN, NaN, NaN
NaN, NaN, NaN, NaN, NaN, NaN, 0.9267198, 0.10304821, NaN, NaN, NaN, NaN
NaN, NaN, NaN, NaN, NaN, NaN, 0.9244486, 0.09864067, NaN, NaN, NaN, NaN
NaN, NaN, NaN, NaN, NaN, NaN, 0.9221441, 0.094225146, NaN, NaN, NaN, NaN
NaN, NaN, NaN, NaN, NaN, NaN, 0.9198064, 0.08980199, NaN, NaN, NaN, NaN
NaN, NaN, NaN, NaN, NaN, NaN, 0.91743565, 0.085371554, NaN, NaN, NaN, NaN
NaN, NaN, NaN, NaN, NaN, NaN, 0.9150318, 0.080934204, NaN, NaN, NaN, NaN
NaN, NaN, NaN, NaN, NaN, NaN, 0.91259503, 0.0764903, NaN, NaN, NaN, NaN
NaN, NaN, NaN, NaN, NaN, NaN, 0.91012543, 0.0720402, NaN, NaN, NaN, NaN
NaN, NaN, NaN, NaN, NaN, NaN, 0.9076231, 0.06758438, NaN, NaN, NaN, NaN
NaN, NaN, NaN, NaN, NaN, NaN, 0.905088, 0.06312297, NaN, NaN, NaN, NaN
NaN, NaN, NaN, NaN, NaN, NaN, 0.9025204, 0.05865645, NaN, NaN, NaN, NaN
NaN, NaN, NaN, NaN, NaN, NaN, 0.8999203, 0.054185178, NaN, NaN, NaN, NaN
NaN, NaN, NaN, NaN, NaN, NaN, 0.8972877, 0.049709514, NaN, NaN, NaN, NaN
NaN, NaN, NaN, NaN, NaN, NaN, 0.8946229, 0.045229822, NaN, NaN, NaN, NaN
NaN, NaN, NaN, NaN, NaN, NaN, 0.8919259, 0.04074647, NaN, NaN, NaN, NaN
NaN, NaN, NaN, NaN, NaN, NaN, 0.8891967, 0.03625982, NaN, NaN, NaN, NaN
NaN, NaN, NaN, NaN, NaN, NaN, 0.88643557, 0.031770226, NaN, NaN, NaN, NaN
NaN, NaN, NaN, NaN, NaN, NaN, 0.8836425, 0.027278062, NaN, NaN, NaN, NaN
NaN, NaN, NaN, NaN, NaN, NaN, 0.8808176, 0.02278369, NaN, NaN, NaN, NaN
NaN, NaN, NaN, NaN, NaN, NaN, 0.87796104, 0.018287469, NaN, NaN, NaN, NaN
NaN, NaN, NaN, NaN, NaN, NaN, 0.87507284, 0.013789768, NaN, NaN, NaN, NaN
NaN, NaN, NaN, NaN, NaN, NaN, 0.8721531, 0.009290951, NaN, NaN, NaN, NaN
NaN, NaN, NaN, NaN, NaN, NaN, 0.869202, 0.0047913813, NaN, NaN, NaN, NaN
NaN, NaN, NaN, NaN, NaN, NaN, 0.86621964, 0.000291423, NaN, NaN, NaN, NaN
NaN, NaN, NaN, NaN, NaN, NaN, 0.863206, -0.0042085587, NaN, NaN, NaN, NaN
NaN, NaN, NaN, NaN, NaN, NaN, 0.86016136, -0.0087081995, NaN, NaN, NaN, NaN
NaN, NaN, NaN, NaN, NaN, NaN, 0.85708576, -0.013207135, NaN, NaN, NaN, NaN
NaN, NaN, NaN, NaN, NaN, NaN, 0.8539793, -0.017705001, NaN, NaN, NaN, NaN
NaN, NaN, NaN, NaN, NaN, NaN, 0.85084206, -0.022201432, NaN, NaN, NaN, NaN
NaN, NaN, NaN, NaN, NaN, NaN, 0.84767425, -0.026696065, NaN, NaN, NaN, NaN
NaN, NaN, NaN, NaN, NaN, NaN, 0.84447587, -0.031188536, NaN, NaN, NaN, NaN
NaN, NaN, NaN, NaN, NaN, NaN, 0.8412471, -0.03567848, NaN, NaN, NaN, NaN
NaN, NaN, NaN, NaN, NaN, NaN, 0.8379881, -0.040165536, NaN, NaN, NaN, NaN
NaN, NaN, NaN, NaN, NaN, NaN, 0.83469886, -0.044649336, NaN, NaN, NaN, NaN
NaN, NaN, NaN, NaN, NaN, NaN, 0.8313796, -0.04912952, NaN, NaN, NaN, NaN
NaN, NaN, NaN, NaN, NaN, NaN, 0.82803035, -0.053605728, NaN, NaN, NaN, NaN
NaN, NaN, NaN, NaN, NaN, NaN, 0.82465136, -0.05807759, NaN, NaN, NaN, NaN
NaN, NaN, NaN, NaN, NaN, NaN, 0.8212427, -0.06254475, NaN, NaN, NaN, NaN
NaN, NaN, NaN, NaN, NaN, NaN, 0.8178044, -0.06700684, NaN, NaN, NaN, NaN
NaN, NaN, NaN, NaN, NaN, NaN, 0.8143367, -0.0714635, NaN, NaN, NaN, NaN
NaN, NaN, NaN, NaN, NaN, NaN, 0.8108397, -0.07591438, NaN, NaN, NaN, NaN
