10, -0.0012287417, 20, -0.0007109038
9.999999, -0.0036754222, 20, -0.0021371008
9.999997, -0.007329345, 19.999996, -0.0042829225
9.999992, -0.012179917, 19.999992, -0.007152642
9.999983, -0.018216647, 19.99998, -0.010750479
9.999968, -0.025429145, 19.999962, -0.0150806
9.999943, -0.033807106, 19.999933, -0.020147108
9.999906, -0.043340325, 19.99989, -0.025954057
9.999854, -0.054018684, 19.999832, -0.03250546
9.999783, -0.06583214, 19.999748, -0.03980528
9.999689, -0.078770734, 19.999641, -0.04785742
9.999569, -0.09282456, 19.999504, -0.056665745
9.999417, -0.10798383, 19.99933, -0.06623408
9.9992285, -0.12423874, 19.999115, -0.07656619
9.998998, -0.1415796, 19.998852, -0.08766581
9.99872, -0.15999673, 19.998537, -0.09953663
9.998389, -0.17948058, 19.998161, -0.11218238
9.997999, -0.20002149, 19.997723, -0.12560657
9.997544, -0.22160995, 19.99721, -0.13981287
9.997017, -0.24423645, 19.996616, -0.15480484
9.996411, -0.2678915, 19.995937, -0.17058599
9.995719, -0.29256555, 19.995163, -0.18715979
9.994935, -0.31824917, 19.99429, -0.20452967
9.994049, -0.34493285, 19.993301, -0.22269918
9.993056, -0.3726071, 19.992199, -0.24167167
9.991946, -0.40126246, 19.990969, -0.2614506
9.990712, -0.43088937, 19.989605, -0.28203923
9.9893465, -0.46147823, 19.988098, -0.30344093
9.98784, -0.49301955, 19.986439, -0.3256591
9.986182, -0.5255037, 19.98462, -0.34869695
9.984368, -0.558921, 19.982632, -0.37255788
9.982387, -0.5932617, 19.980465, -0.397245
9.980228, -0.62851614, 19.978111, -0.42276165
9.977886, -0.6646745, 19.975563, -0.4491111
9.975348, -0.7017268, 19.972807, -0.47629637
9.972608, -0.7396632, 19.969837, -0.50432086
9.969653, -0.77847356, 19.966644, -0.5331875
9.9664755, -0.8181478, 19.963219, -0.5628996
9.963065, -0.85867584, 19.959547, -0.5934603
9.959414, -0.9000473, 19.955627, -0.62487257
9.955509, -0.9422518, 19.951445, -0.6571396
9.951343, -0.9852791, 19.946991, -0.6902646
9.946905, -1.0291184, 19.942257, -0.72425044
9.942184, -1.0737591, 19.937233, -0.7591001
9.937173, -1.1191906, 19.931911, -0.7948168
9.93186, -1.1654018, 19.926281, -0.8314034
9.926234, -1.2123818, 19.920332, -0.86886287
9.920287, -1.2601196, 19.914059, -0.9071981
9.914008, -1.3086039, 19.907448, -0.9464121
9.907387, -1.3578234, 19.90049, -0.9865076
9.9004135, -1.4077666, 19.89318, -1.0274875
9.893079, -1.4584221, 19.885508, -1.0693549
9.885371, -1.509778, 19.87746, -1.112112
9.877282, -1.5618229, 19.869034, -1.1557624
9.868802, -1.6145445, 19.860218, -1.2003083
9.859919, -1.6679311, 19.851002, -1.2457525
9.850625, -1.7219701, 19.841381, -1.2920973
9.84091, -1.7766495, 19.831345, -1.3393457
9.830765, -1.8319569, 19.820883, -1.3875003
9.820179, -1.8878796, 19.80999, -1.4365633
9.809143, -1.9444053, 19.798656, -1.4865375
9.797648, -2.0015209, 19.786873, -1.5374248
9.785686, -2.0592136, 19.774635, -1.589228
9.773245, -2.1174703, 19.761932, -1.6419492
9.760319, -2.1762784, 19.74876, -1.695591
9.746896, -2.235624, 19.735104, -1.7501554
9.73297, -2.2954943, 19.720966, -1.8056444
9.718532, -2.3558755, 19.706333, -1.8620603
9.703571, -2.4167542, 19.691196, -1.9194047
9.688083, -2.478117, 19.675552, -1.9776804
9.672055, -2.5399497, 19.659393, -2.0368886
9.655483, -2.6022387, 19.642714, -2.0970309
9.638358, -2.66497, 19.625504, -2.1581094
9.620671, -2.7281294, 19.60776, -2.2201257
9.602416, -2.7917027, 19.589474, -2.283081
9.583586, -2.8556764, 19.570639, -2.346978
9.564172, -2.9200358, 19.551249, -2.4118176
9.544169, -2.984766, 19.5313, -2.4776
9.523571, -3.0498533, 19.510784, -2.544328
9.502369, -3.115283, 19.489697, -2.6120021
9.480558, -3.1810403, 19.468029, -2.6806235
9.458133, -3.2471104, 19.445778, -2.7501926
9.435087, -3.3134785, 19.42294, -2.8207107
9.411414, -3.3801305, 19.399502, -2.8921793
9.387111, -3.4470508, 19.375465, -2.964598
9.362169, -3.5142252, 19.350822, -3.0379682
9.336588, -3.5816379, 19.325567, -3.1122897
9.310359, -3.6492748, 19.299694, -3.187564
9.283482, -3.71712, 19.273201, -3.26379
9.255948, -3.785159, 19.246078, -3.3409688
9.2277565, -3.8533762, 19.218323, -3.4190998
9.198903, -3.921757, 19.189928, -3.4981837
9.169385, -3.9902864, 19.160892, -3.5782208
9.139198, -4.058948, 19.131207, -3.6592097
9.10834, -4.127728, 19.100864, -3.7411509
9.076809, -4.1966105, 19.069866, -3.8240433
9.044601, -4.2655797, 19.038202, -3.9078863
9.011718, -4.334622, 19.00587, -3.9926805
8.978154, -4.40372, 18.972862, -4.0784225
8.94391, -4.47286, 18.939173, -4.1651134
8.908984, -4.542026, 18.9048, -4.252752
8.873376, -4.611203, 18.869734, -4.3413363
8.837086, -4.6803765, 18.833973, -4.4308653
8.800112, -4.74953, 18.797508, -4.521337
8.762455, -4.818649, 18.760334, -4.6127515
8.724116, -4.887718, 18.722448, -4.7051053
8.685097, -4.9567227, 18.683844, -4.7983966
8.645396, -5.0256467, 18.644512, -4.892624
8.605017, -5.0944757, 18.604446, -4.9877844
8.563961, -5.1631947, 18.563646, -5.083876
8.522229, -5.231788, 18.522099, -5.1808963
8.479825, -5.3002424, 18.479801, -5.278844
8.43675, -5.3685417, 18.436747, -5.377714
8.393009, -5.436671, 18.392925, -5.4775047
8.348605, -5.504616, 18.348335, -5.578212
8.30354, -5.572362, 18.302963, -5.679833
8.25782, -5.6398945, 18.256805, -5.7823644
8.211449, -5.707199, 18.209854, -5.8858023
8.16443, -5.7742605, 18.162098, -5.9901414
8.11677, -5.8410664, 18.113537, -6.0953803
8.068474, -5.9076004, 18.064154, -6.201513
8.0195465, -5.97385, 18.013945, -6.3085346
7.9699945, -6.0398, 17.962898, -6.4164414
7.9198246, -6.1054378, 17.91101, -6.525228
7.869044, -6.1707497, 17.858267, -6.63489
7.817659, -6.2357206, 17.80466, -6.74542
7.7656765, -6.3003387, 17.750181, -6.8568134
7.7131057, -6.3645897, 17.69482, -6.9690638
7.659953, -6.428461, 17.638565, -7.082166
7.6062293, -6.4919395, 17.581406, -7.1961126
7.551941, -6.5550127, 17.52333, -7.3108974
7.497098, -6.6176677, 17.464333, -7.4265127
7.4417095, -6.679892, 17.404396, -7.542952
7.385786, -6.7416735, 17.343512, -7.660207
7.3293376, -6.803, 17.281666, -7.7782683
7.272374, -6.86386, 17.21885, -7.89713
7.2149067, -6.924242, 17.155045, -8.016783
7.156946, -6.9841337, 17.090244, -8.137216
7.098504, -7.0435247, 17.024431, -8.258421
7.039592, -7.102404, 16.957592, -8.380388
6.9802217, -7.1607614, 16.889717, -8.503108
6.920407, -7.218585, 16.82079, -8.626568
6.8601584, -7.2758656, 16.750795, -8.750758
6.79949, -7.332594, 16.679718, -8.8756695
6.738415, -7.388759, 16.607546, -9.001286
6.6769457, -7.444353, 16.534264, -9.127597
6.6150975, -7.499366, 16.459852, -9.25459
6.5528827, -7.553789, 16.384298, -9.382251
6.4903173, -7.607613, 16.307587, -9.510565
6.427415, -7.6608315, 16.2297, -9.639519
6.36419, -7.713435, 16.150623, -9.769098
6.3006573, -7.7654176, 16.070335, -9.899287
6.2368336, -7.8167715, 15.988824, -10.030069
6.1727324, -7.867489, 15.90607, -10.161427
6.10837, -7.917564, 15.822055, -10.293344
6.043762, -7.9669905, 15.736763, -10.4258
5.978925, -8.015763, 15.650173, -10.558782
5.9138746, -8.063875, 15.562272, -10.692265
5.848627, -8.111323, 15.473038, -10.826231
5.7832, -8.1581, 15.382454, -10.960659
5.717607, -8.204204, 15.290499, -11.09553
5.651868, -8.24963, 15.197155, -11.230818
5.5859985, -8.2943735, 15.102407, -11.366503
5.520015, -8.338431, 15.006231, -11.502558
5.453934, -8.381802, 14.908609, -11.638963
5.387774, -8.424481, 14.809525, -11.77569
5.321551, -8.466469, 14.708958, -11.912714
5.255282, -8.507762, 14.606886, -12.050007
5.188985, -8.548359, 14.503294, -12.187541
5.122676, -8.588259, 14.398161, -12.325288
5.0563717, -8.627462, 14.291466, -12.463221
4.99009, -8.665968, 14.183191, -12.601305
4.9238477, -8.703776, 14.07332, -12.7395115
4.857662, -8.740888, 13.961832, -12.877807
4.7915497, -8.777303, 13.848708, -13.016157
4.7255263, -8.8130245, 13.733929, -13.1545315
4.659609, -8.848053, 13.617477, -13.292891
4.593815, -8.882391, 13.499337, -13.431202
4.528158, -8.91604, 13.379486, -13.569426
4.4626575, -8.949005, 13.257912, -13.707523
4.3973265, -8.981287, 13.134594, -13.845458
4.332183, -9.012891, 13.009519, -13.983188
4.2672396, -9.043819, 12.882666, -14.120671
4.2025137, -9.074077, 12.7540245, -14.257866
4.1380186, -9.103669, 12.623575, -14.394731
4.0737696, -9.132601, 12.491307, -14.531218
4.009781, -9.160876, 12.357204, -14.667284
3.9460654, -9.188501, 12.221252, -14.802881
3.8826375, -9.215483, 12.083443, -14.937964
3.8195105, -9.241826, 11.943761, -15.072483
3.7566957, -9.267537, 11.802196, -15.206387
3.6942065, -9.292623, 11.658738, -15.339624
3.6320543, -9.317091, 11.513379, -15.472147
3.57025, -9.340948, 11.36611, -15.603901
3.5088043, -9.3642025, 11.216923, -15.734832
3.4477282, -9.386862, 11.065811, -15.864886
3.3870301, -9.408934, 10.912772, -15.994008
3.3267207, -9.430426, 10.757801, -16.122139
3.2668064, -9.451347, 10.600893, -16.249228
3.207297, -9.471708, 10.442049, -16.375214
3.1481993, -9.491514, 10.281269, -16.50003
3.08952, -9.5107765, 10.118555, -16.623629
3.0312648, -9.529504, 9.953908, -16.745945
2.9734402, -9.547704, 9.787335, -16.866913
2.9160502, -9.565388, 9.618841, -16.986479
2.859099, -9.582565, 9.448435, -17.104576
2.8025887, -9.599245, 9.276123, -17.221144
2.7465222, -9.615437, 9.101917, -17.33612
2.690902, -9.631149, 8.925832, -17.449438
2.6357288, -9.646395, 8.747882, -17.561039
2.5810025, -9.661181, 8.568082, -17.670856
2.5267224, -9.67552, 8.386452, -17.778826
2.4728887, -9.689418, 8.203014, -17.884884
2.4194977, -9.702888, 8.017788, -17.988968
2.3665466, -9.715939, 7.8308, -18.091017
2.3140316, -9.7285795, 7.6420755, -18.190964
2.2619486, -9.740821, 7.4516444, -18.288748
2.2102914, -9.752672, 7.2595363, -18.384308
2.1590552, -9.764143, 7.065786, -18.477581
2.1082315, -9.775242, 6.8704267, -18.568506
2.057814, -9.78598, 6.673498, -18.657026
2.0077922, -9.796365, 6.4750366, -18.74308
1.9581591, -9.806406, 6.275086, -18.826614
1.9089026, -9.816113, 6.073689, -18.907568
1.8600129, -9.825495, 5.870891, -18.98589
1.8114779, -9.8345585, 5.666741, -19.061527
1.763286, -9.843313, 5.4612875, -19.134426
1.7154241, -9.851768, 5.2545824, -19.20454
1.6678789, -9.859928, 5.0466805, -19.27182
1.6206361, -9.867803, 4.837637, -19.33622
1.5736823, -9.875401, 4.627511, -19.397697
1.5270002, -9.882726, 4.416358, -19.456211
1.4805765, -9.889788, 4.204241, -19.511723
1.434394, -9.896591, 3.9912224, -19.564198
1.3884361, -9.903143, 3.777365, -19.613602
1.3426859, -9.90945, 3.5627317, -19.659904
1.297127, -9.915516, 3.3473926, -19.70308
1.2517416, -9.921349, 3.131412, -19.743103
1.2065123, -9.9269495, 2.9148588, -19.779945
1.1614226, -9.932326, 2.6978045, -19.813599
1.1164534, -9.937481, 2.480316, -19.844038
1.0715882, -9.942419, 2.262464, -19.871258
1.0268078, -9.947144, 2.0443196, -19.895243
0.9820956, -9.951657, 1.8259541, -19.915989
0.9374336, -9.955964, 1.6074378, -19.933495
0.8928049, -9.960066, 1.3888428, -19.947756
0.8481928, -9.9639635, 1.1702402, -19.958776
0.80358034, -9.967661, 0.9517016, -19.966564
0.7589506, -9.971158, 0.73329633, -19.971127
0.7142877, -9.974457, 0.5150946, -19.972473
0.669576, -9.977558, 0.29716483, -19.970621
0.624801, -9.980462, 0.07957888, -19.965588
0.5799478, -9.983169, -0.13759744, -19.957392
0.53500205, -9.985678, -0.35429752, -19.946056
0.4899502, -9.98799, -0.57045436, -19.931608
0.4447788, -9.990104, -0.7860056, -19.914074
0.39947683, -9.992018, -1.0008852, -19.893482
0.3540308, -9.9937315, -1.2150338, -19.869865
0.3084309, -9.995242, -1.4283879, -19.843262
0.26266727, -9.99655, -1.6408894, -19.813702
0.21672891, -9.997651, -1.8524818, -19.781227
0.17060839, -9.998545, -2.0631065, -19.74588
0.124297075, -9.999228, -2.2727091, -19.707695
0.077786416, -9.999697, -2.4812415, -19.666721
0.031071415, -9.999951, -2.688646, -19.623005
-0.015855266, -9.999988, -2.894878, -19.576586
-0.062997356, -9.999802, -3.0998855, -19.527515
-0.11035977, -9.999391, -3.3036234, -19.475838
-0.15794738, -9.998753, -3.50605, -19.421608
-0.20576142, -9.997883, -3.707121, -19.364872
-0.25380552, -9.9967785, -3.9067955, -19.305681
-0.30208087, -9.995436, -4.105035, -19.244087
-0.3505875, -9.993853, -4.3018003, -19.180141
-0.3993264, -9.992023, -4.4970555, -19.1139
-0.4482976, -9.989946, -4.6907706, -19.04541
-0.49749854, -9.9876175, -4.882911, -18.974728
-0.546929, -9.985032, -5.0734444, -18.901907
-0.59658533, -9.982188, -5.2623434, -18.827
-0.64646477, -9.979082, -5.44958, -18.750061
-0.6965647, -9.975711, -5.6351295, -18.671146
-0.74688005, -9.972069, -5.818964, -18.590303
-0.797407, -9.968156, -6.0010653, -18.507591
-0.84813905, -9.963968, -6.181409, -18.423061
-0.89907235, -9.959501, -6.3599772, -18.336763
-0.95019937, -9.954754, -6.536748, -18.248756
-1.0015136, -9.949722, -6.711707, -18.159088
-1.0530088, -9.944405, -6.884837, -18.067814
-1.104677, -9.938797, -7.0561237, -17.974983
-1.1565108, -9.9328985, -7.2255554, -17.880646
-1.2085013, -9.926708, -7.3931136, -17.78486
-1.2606395, -9.920221, -7.5587945, -17.68767
-1.3129181, -9.913437, -7.7225833, -17.589125
-1.3653265, -9.906356, -7.8844733, -17.489279
-1.4178561, -9.898973, -8.044459, -17.388174
-1.4704967, -9.891292, -8.202528, -17.285868
-1.5232382, -9.8833065, -8.358678, -17.1824
-1.5760705, -9.875019, -8.512904, -17.07782
-1.6289824, -9.866429, -8.6652, -16.972176
-1.6819639, -9.857534, -8.815564, -16.865513
-1.7350037, -9.848338, -8.963995, -16.757874
-1.7880918, -9.838838, -9.110492, -16.649305
-1.8412158, -9.829035, -9.25505, -16.539852
-1.8943644, -9.81893, -9.397673, -16.429554
-1.9475276, -9.808523, -9.538361, -16.318459
-2.0006924, -9.797817, -9.677115, -16.206602
-2.0538483, -9.786813, -9.813938, -16.094032
-2.106982, -9.775512, -9.948832, -15.9807825
-2.1600828, -9.763916, -10.0818, -15.866899
-2.2131395, -9.752027, -10.212849, -15.752415
-2.26614, -9.739846, -10.34198, -15.637373
-2.3190713, -9.727379, -10.469198, -15.52181
-2.3719234, -9.714627, -10.594513, -15.405763
-2.4246836, -9.701593, -10.717928, -15.289267
-2.4773397, -9.688281, -10.83945, -15.172359
-2.52988, -9.674694, -10.959085, -15.055077
-2.582293, -9.660836, -11.076841, -14.93745
-2.6345682, -9.646712, -11.192728, -14.819516
-2.6866925, -9.632325, -11.306752, -14.701306
-2.7386544, -9.617681, -11.418922, -14.582853
-2.790444, -9.602782, -11.529249, -14.4641905
-2.8420482, -9.587636, -11.637739, -14.345348
-2.8934562, -9.572247, -11.744403, -14.226358
-2.9446578, -9.55662, -11.849251, -14.10725
-2.9956422, -9.540761, -11.952295, -13.98805
-3.0463967, -9.524677, -12.053541, -13.868793
-3.0969121, -9.508372, -12.153005, -13.749502
-3.1471782, -9.491853, -12.250696, -13.630206
-3.1971836, -9.475126, -12.346624, -13.510934
-3.2469182, -9.458199, -12.440802, -13.391709
-3.2963724, -9.441076, -12.53324, -13.27256
-3.3455348, -9.423768, -12.623949, -13.153515
-3.3943968, -9.406279, -12.712945, -13.034594
-3.442949, -9.388616, -12.800237, -12.915821
-3.4911819, -9.370787, -12.885838, -12.79722
-3.5390854, -9.3528, -12.969759, -12.67882
-3.586652, -9.334662, -13.052014, -12.5606365
-3.633871, -9.316382, -13.132616, -12.442698
-3.680735, -9.297967, -13.211576, -12.32502
-3.7272353, -9.279425, -13.28891, -12.207627
-3.7733638, -9.260763, -13.364629, -12.09054
-3.8191123, -9.24199, -13.4387455, -11.97378
-3.8644729, -9.223115, -13.511272, -11.857364
-3.9094372, -9.204145, -13.582223, -11.741314
-3.9539983, -9.185091, -13.651611, -11.625647
-3.998149, -9.165958, -13.719448, -11.510385
-4.041882, -9.146758, -13.785749, -11.395542
-4.085191, -9.127498, -13.850529, -11.281137
-4.1280684, -9.108186, -13.913797, -11.167188
-4.170509, -9.088832, -13.975571, -11.053712
-4.212505, -9.069444, -14.03586, -10.940722
-4.2540507, -9.050031, -14.094679, -10.82824
-4.2951407, -9.0306015, -14.152042, -10.716277
-4.3357706, -9.011165, -14.207962, -10.604851
-4.375933, -8.99173, -14.262453, -10.493973
-4.415623, -8.972305, -14.315527, -10.383661
-4.454837, -8.952901, -14.367197, -10.273929
-4.493569, -8.933523, -14.417479, -10.164785
-4.5318146, -8.914183, -14.466385, -10.056251
-4.5695705, -8.894888, -14.513928, -9.948334
-4.606829, -8.875648, -14.56012, -9.841049
-4.6435885, -8.856471, -14.604975, -9.734409
-4.679845, -8.837367, -14.648507, -9.6284275
-4.715594, -8.818343, -14.690727, -9.523111
-4.750833, -8.799408, -14.731653, -9.418477
-4.7855587, -8.780571, -14.771293, -9.314528
-4.819767, -8.761841, -14.809662, -9.211287
-4.8534536, -8.743225, -14.84677, -9.108755
-4.886617, -8.724733, -14.882633, -9.006951
-4.9192553, -8.706372, -14.917265, -8.905874
-4.951365, -8.688152, -14.950676, -8.805544
-4.982944, -8.670079, -14.98288, -8.705963
-5.0139894, -8.652163, -15.013888, -8.607143
-5.044498, -8.634411, -15.043713, -8.509098
-5.0744696, -8.61683, -15.072368, -8.411827
-5.1039023, -8.599429, -15.099867, -8.315346
-5.1327944, -8.582215, -15.12622, -8.219659
-5.1611423, -8.565198, -15.15144, -8.124778
-5.1889467, -8.548382, -15.175539, -8.030707
-5.2162046, -8.531776, -15.198528, -7.93746
-5.242915, -8.5153885, -15.220422, -7.845038
-5.2690787, -8.499224, -15.24123, -7.7534485
-5.294692, -8.483292, -15.260967, -7.6627026
-5.319755, -8.467597, -15.279642, -7.5728006
-5.3442674, -8.4521475, -15.297268, -7.483756
-5.368228, -8.436951, -15.313857, -7.3955717
-5.3916354, -8.42201, -15.329418, -7.308252
-5.41449, -8.407336, -15.343967, -7.221809
-5.4367914, -8.392932, -15.357513, -7.136242
-5.458538, -8.378804, -15.370068, -7.0515614
-5.4797316, -8.36496, -15.381643, -6.9677653
-5.50037, -8.351403, -15.392249, -6.884865
-5.520453, -8.338141, -15.401897, -6.802868
-5.539982, -8.325179, -15.410599, -6.7217712
-5.5589542, -8.312522, -15.418365, -6.6415834
-5.5773716, -8.300177, -15.425205, -6.562314
-5.595235, -8.288145, -15.431134, -6.4839582
-5.6125426, -8.276435, -15.436159, -6.4065266
-5.629294, -8.26505, -15.44029, -6.330023
-5.64549, -8.253995, -15.443541, -6.2544456
-5.661133, -8.243274, -15.445922, -6.179805
-5.6762195, -8.232893, -15.447441, -6.106104
-5.6907516, -8.222856, -15.448109, -6.0333433
-5.7047296, -8.213164, -15.447939, -5.961526
-5.718153, -8.203824, -15.4469385, -5.8906584
-5.731024, -8.194838, -15.44512, -5.820738
-5.7433395, -8.186211, -15.442491, -5.7517757
-5.755103, -8.177945, -15.439063, -5.6837683
-5.7663126, -8.170045, -15.434846, -5.616721
-5.7769704, -8.162513, -15.42985, -5.550635
-5.7870765, -8.155352, -15.424086, -5.485512
-5.796631, -8.148563, -15.417563, -5.4213552
-5.8056316, -8.142152, -15.410288, -5.3581667
-5.8140826, -8.136119, -15.402275, -5.2959504
-5.8219824, -8.130468, -15.393533, -5.234707
-5.8293314, -8.125201, -15.3840685, -5.1744385
-5.8361287, -8.12032, -15.373892, -5.1151447
-5.842376, -8.115827, -15.363014, -5.056831
-5.848075, -8.111721, -15.351444, -4.9994926
-5.8532243, -8.1080065, -15.339193, -4.9431353
-5.8578243, -8.104684, -15.326266, -4.887759
-5.8618736, -8.101755, -15.312675, -4.8333683
-5.8653746, -8.09922, -15.298428, -4.7799573
-5.868327, -8.097082, -15.283535, -4.727534
-5.8707304, -8.09534, -15.268004, -4.676095
-5.8725853, -8.093994, -15.251847, -4.6256447
-5.873892, -8.093046, -15.235069, -4.5761776
-5.87465, -8.092496, -15.21768, -4.5276976
-5.8748603, -8.092343, -15.19969, -4.4802017
-5.8745203, -8.09259, -15.181106, -4.4337
-5.873633, -8.093234, -15.161938, -4.3881836
-5.872197, -8.094275, -15.142195, -4.3436556
-5.870213, -8.095715, -15.121883, -4.3001146
-5.8676805, -8.097551, -15.101016, -4.257562
-5.8645988, -8.099783, -15.079597, -4.215994
-5.8609676, -8.10241, -15.057636, -4.175416
-5.8567863, -8.105433, -15.035143, -4.1358275
-5.8520565, -8.108849, -15.012125, -4.0972214
-5.8467774, -8.112657, -14.98859, -4.0596
-5.840948, -8.116855, -14.964548, -4.022965
-5.834568, -8.121442, -14.940003, -3.987311
-5.8276362, -8.126417, -14.91497, -3.9526463
-5.8201528, -8.131779, -14.88945, -3.918961
-5.8121176, -8.137524, -14.863458, -3.8862596
-5.8035316, -8.143649, -14.836997, -3.8545341
-5.794392, -8.150154, -14.810076, -3.8237877
-5.7847, -8.157037, -14.782703, -3.7940187
-5.774454, -8.164293, -14.7548895, -3.7652268
-5.7636538, -8.171922, -14.726638, -3.7374072
-5.752297, -8.179919, -14.697958, -3.7105637
-5.7403846, -8.188284, -14.6688595, -3.684691
-5.7279153, -8.197011, -14.639347, -3.659789
-5.714888, -8.206099, -14.609428, -3.6358547
-5.701304, -8.215542, -14.579115, -3.6128826
-5.6871614, -8.225338, -14.548413, -3.5908785
-5.67246, -8.235484, -14.517328, -3.5698323
-5.657198, -8.2459755, -14.485869, -3.549747
-5.6413727, -8.256809, -14.454042, -3.530621
-5.6249876, -8.267982, -14.421857, -3.5124483
-5.608039, -8.279487, -14.389318, -3.4952288
-5.5905266, -8.291322, -14.356437, -3.4789605
-5.5724497, -8.303481, -14.323216, -3.4636374
-5.5538063, -8.315963, -14.289665, -3.4492636
-5.534597, -8.328759, -14.255791, -3.4358287
-5.514822, -8.3418665, -14.221604, -3.423336
-5.4944773, -8.355281, -14.187105, -3.4117775
-5.4735637, -8.368997, -14.152306, -3.401157
-5.45208, -8.383008, -14.117211, -3.3914657
-5.4300256, -8.39731, -14.081829, -3.3827028
-5.4074006, -8.411898, -14.046167, -3.3748646
-5.384202, -8.426765, -14.010232, -3.3679514
-5.360431, -8.441906, -13.97403, -3.3619528
-5.3360853, -8.457316, -13.937566, -3.3568716
-5.311166, -8.472987, -13.900849, -3.3527007
-5.2856703, -8.488915, -13.863887, -3.3494406
-5.259598, -8.505095, -13.826684, -3.3470879
-5.2329473, -8.521518, -13.7892475, -3.3456373
-5.205721, -8.5381775, -13.751585, -3.3450847
-5.1779146, -8.555069, -13.713699, -3.345427
-5.1495304, -8.572184, -13.675603, -3.3466606
-5.1205654, -8.589518, -13.637298, -3.3487859
-5.0910206, -8.607061, -13.598791, -3.3517942
-5.060896, -8.624809, -13.56009, -3.3556828
-5.0301895, -8.642754, -13.521201, -3.3604498
-4.9989023, -8.660888, -13.482129, -3.3660917
-4.9670315, -8.679205, -13.442878, -3.3726015
-4.9345794, -8.697697, -13.403458, -3.3799796
-4.9015455, -8.716355, -13.3638735, -3.3882217
-4.8679304, -8.735173, -13.324131, -3.3973203
-4.833732, -8.754144, -13.284233, -3.4072738
-4.798951, -8.773258, -13.24419, -3.4180803
-4.76359, -8.792509, -13.204006, -3.4297318
-4.727647, -8.811887, -13.163685, -3.4422255
-4.691122, -8.831386, -13.123235, -3.4555626
-4.6540165, -8.850996, -13.082659, -3.4697342
-4.61633, -8.87071, -13.041965, -3.4847393
-4.578064, -8.890519, -13.001155, -3.5005713
-4.53922, -8.910415, -12.960237, -3.5172253
-4.4997973, -8.9303875, -12.919214, -3.5347009
-4.459799, -8.95043, -12.878093, -3.5529933
-4.4192257, -8.970532, -12.836879, -3.5720963
-4.3780766, -8.990686, -12.795576, -3.5920095
-4.336355, -9.010883, -12.754189, -3.612728
-4.294062, -9.031115, -12.712721, -3.6342478
-4.251198, -9.051372, -12.67118, -3.6565685
-4.2077665, -9.071643, -12.629568, -3.6796808
-4.1637683, -9.091922, -12.587889, -3.7035847
-4.1192064, -9.112197, -12.54615, -3.7282753
-4.074083, -9.132461, -12.504353, -3.753747
-4.0284004, -9.152704, -12.462502, -3.7800016
-3.9821615, -9.172915, -12.420602, -3.8070297
-3.9353685, -9.193089, -12.378655, -3.8348317
-3.888024, -9.213211, -12.336667, -3.8634038
-3.840132, -9.233276, -12.294641, -3.892744
-3.7916965, -9.253272, -12.25258, -3.922845
-3.742719, -9.27319, -12.210485, -3.9537039
-3.6932049, -9.293021, -12.168365, -3.985323
-3.6431572, -9.312755, -12.126218, -4.017693
-3.5925798, -9.332382, -12.084049, -4.0508156
-3.541478, -9.351894, -12.041862, -4.084685
-3.4898546, -9.371282, -11.999655, -4.1193013
-3.437715, -9.390533, -11.957432, -4.1546555
-3.3850646, -9.40964, -11.915199, -4.190752
-3.331909, -9.428595, -11.872957, -4.227584
-3.278252, -9.447384, -11.830706, -4.265151
-3.2240996, -9.4660015, -11.788446, -4.3034487
-3.1694582, -9.484436, -11.746186, -4.3424764
-3.1143332, -9.50268, -11.70392, -4.3822317
-3.0587306, -9.520723, -11.6616535, -4.4227138
-3.0026565, -9.538556, -11.619385, -4.4639144
-2.9461184, -9.55617, -11.577118, -4.5058403
-2.8891232, -9.573556, -11.534853, -4.548484
-2.8316765, -9.590704, -11.492587, -4.5918417
-2.773787, -9.607607, -11.450325, -4.6359186
-2.7154615, -9.624254, -11.408066, -4.6807094
-2.6567087, -9.640637, -11.365808, -4.7262096
-2.5975356, -9.65675, -11.323551, -4.7724214
-2.5379503, -9.672581, -11.281296, -4.8193445
-2.477961, -9.688122, -11.239042, -4.866975
-2.4175773, -9.703366, -11.196789, -4.915315
-2.3568077, -9.718306, -11.154533, -4.964358
-2.2956605, -9.732931, -11.112276, -5.0141087
-2.2341459, -9.747235, -11.070014, -5.0645614
-2.1722734, -9.76121, -11.027746, -5.115718
-2.1100526, -9.774849, -10.985472, -5.167578
-2.047493, -9.788144, -10.943185, -5.2201395
-1.9846052, -9.801088, -10.900887, -5.273404
-1.9213994, -9.813675, -10.858572, -5.327369
-1.8578866, -9.825897, -10.816239, -5.382036
-1.7940779, -9.837748, -10.773886, -5.437401
-1.7299836, -9.849221, -10.731506, -5.4934688
-1.6656147, -9.860311, -10.689099, -5.550236
-1.6009831, -9.871011, -10.646654, -5.6077
-1.5361001, -9.881315, -10.6041765, -5.6658683
-1.4709789, -9.891219, -10.561655, -5.7247334
-1.4056296, -9.900717, -10.519085, -5.7842956
-1.3400655, -9.909804, -10.476465, -5.8445606
-1.2742984, -9.918476, -10.433786, -5.905525
-1.2083404, -9.926727, -10.391046, -5.96719
-1.1422045, -9.934554, -10.348233, -6.0295525
-1.0759032, -9.941954, -10.305346, -6.092617
-1.0094507, -9.94892, -10.262378, -6.1563816
-0.9428582, -9.955452, -10.219318, -6.2208457
-0.87614036, -9.961545, -10.176165, -6.2860107
-0.80931073, -9.967197, -10.132908, -6.3518767
-0.74238175, -9.972405, -10.089539, -6.418442
-0.6753681, -9.977168, -10.046051, -6.485707
-0.6082823, -9.9814825, -10.002437, -6.553676
-0.5411393, -9.985348, -9.958687, -6.6223416
-0.47395155, -9.988762, -9.914791, -6.6917105
-0.40673402, -9.991725, -9.870742, -6.761778
-0.33950165, -9.994235, -9.82653, -6.832546
-0.27226704, -9.996292, -9.782147, -6.9040136
-0.20504512, -9.997898, -9.73758, -6.9761815
-0.13784969, -9.99905, -9.6928215, -7.0490484
-0.07069572, -9.99975, -9.64786, -7.122611
-0.0035981736, -9.999999, -9.602685, -7.1968713
0.0634304, -9.999799, -9.557286, -7.2718315
0.13037387, -9.99915, -9.511652, -7.3474827
0.19721854, -9.998055, -9.465771, -7.42383
0.26395074, -9.996516, -9.41963, -7.500867
0.3305544, -9.994535, -9.373221, -7.578598
0.39701712, -9.992115, -9.326528, -7.6570177
0.46332294, -9.989261, -9.27954, -7.736126
0.5294584, -9.985973, -9.232245, -7.815916
0.59540874, -9.982259, -9.18463, -7.8963923
0.66115946, -9.97812, -9.1366825, -7.9775496
0.7266972, -9.97356, -9.088389, -8.059383
0.7920063, -9.968587, -9.039737, -8.141891
0.85707366, -9.963203, -8.990712, -8.225068
0.92188597, -9.957416, -8.941301, -8.308916
0.98642796, -9.951229, -8.891489, -8.393425
1.0506867, -9.94465, -8.841264, -8.478595
1.1146492, -9.937684, -8.790609, -8.564421
1.1783004, -9.930338, -8.739513, -8.650897
1.2416277, -9.922619, -8.687961, -8.738017
1.304617, -9.914534, -8.635937, -8.825778
1.3672564, -9.90609, -8.583427, -8.914173
1.4295318, -9.897295, -8.530417, -9.003197
1.4914315, -9.888156, -8.476892, -9.092845
1.5529417, -9.878682, -8.422838, -9.183106
1.6140496, -9.868883, -8.368238, -9.273976
1.674744, -9.858765, -8.313081, -9.36545
1.7350112, -9.848336, -8.257349, -9.457514
1.7948406, -9.837609, -8.201028, -9.550165
1.8542193, -9.82659, -8.144102, -9.6433935
1.9131361, -9.8152895, -8.086558, -9.73719
1.9715798, -9.803717, -8.028381, -9.831542
2.029539, -9.7918825, -7.969556, -9.926446
2.087003, -9.779797, -7.9100666, -10.021889
2.1439595, -9.767468, -7.8499, -10.117859
2.200399, -9.754909, -7.789042, -10.214345
2.2563105, -9.742128, -7.727476, -10.311339
2.3116853, -9.729137, -7.665189, -10.408828
2.3665128, -9.715946, -7.6021657, -10.5068
2.4207828, -9.702567, -7.538392, -10.60524
2.4744864, -9.689011, -7.473856, -10.70414
2.5276132, -9.675286, -7.408542, -10.80348
2.580155, -9.661408, -7.3424363, -10.903255
2.6321027, -9.647385, -7.275526, -11.00344
2.6834488, -9.633229, -7.207797, -11.10403
2.734184, -9.618952, -7.1392365, -11.205004
2.7843008, -9.604565, -7.069832, -11.306348
2.833792, -9.590079, -6.999569, -11.4080515
2.8826485, -9.575507, -6.928437, -11.510088
2.9308648, -9.56086, -6.856422, -11.612449
2.978432, -9.546148, -6.783514, -11.715115
3.0253446, -9.531384, -6.7096996, -11.818065
3.0715952, -9.516581, -6.6349697, -11.921285
3.117179, -9.501747, -6.55931, -12.0247555
3.1620882, -9.4868965, -6.482711, -12.128458
3.206318, -9.472039, -6.405163, -12.232373
3.2498624, -9.457188, -6.3266544, -12.336481
3.2927167, -9.442352, -6.247175, -12.4407625
3.3348753, -9.427546, -6.1667166, -12.545197
3.3763332, -9.412777, -6.085271, -12.649759
3.4170847, -9.39806, -6.0028276, -12.754433
3.4571269, -9.383404, -5.919379, -12.859198
3.4964561, -9.36882, -5.834915, -12.964026
3.535067, -9.35432, -5.74943, -13.068902
3.5729566, -9.339913, -5.6629157, -13.173798
3.6101217, -9.325611, -5.575364, -13.278692
3.6465576, -9.311424, -5.4867725, -13.383559
3.6822617, -9.297362, -5.397132, -13.488379
3.7172322, -9.283436, -5.306436, -13.593123
3.751465, -9.269655, -5.2146835, -13.697769
3.7849593, -9.25603, -5.121864, -13.802293
3.817711, -9.242569, -5.027977, -13.906668
3.8497195, -9.229282, -4.9330163, -14.010867
3.8809822, -9.216181, -4.836982, -14.114864
3.9114978, -9.20327, -4.7398653, -14.2186365
3.941265, -9.190561, -4.64167, -14.322152
3.970282, -9.178064, -4.5423884, -14.42539
3.9985468, -9.165785, -4.442026, -14.528315
4.0260606, -9.153734, -4.340574, -14.630906
4.052821, -9.141916, -4.238036, -14.73313
4.0788283, -9.1303425, -4.1344113, -14.834963
4.104081, -9.1190195, -4.029702, -14.936371
4.128581, -9.107953, -3.9239073, -15.037324
4.1523266, -9.097153, -3.8170266, -15.137799
4.175318, -9.086623, -3.7090635, -15.237763
4.1975555, -9.076372, -3.6000242, -15.337183
4.21904, -9.066405, -3.4899058, -15.436033
4.2397714, -9.056729, -3.378718, -15.534277
4.2597504, -9.047349, -3.2664623, -15.631886
4.27898, -9.03827, -3.1531415, -15.728828
4.2974586, -9.029499, -3.038765, -15.825073
4.3151894, -9.021038, -2.923335, -15.920586
4.3321733, -9.012896, -2.8068585, -16.015339
4.348411, -9.005072, -2.6893473, -16.109293
4.363905, -8.997574, -2.570805, -16.20242
4.378657, -8.990404, -2.4512434, -16.294682
4.3926697, -8.983565, -2.330667, -16.386047
4.405946, -8.977062, -2.2090878, -16.476484
4.4184856, -8.970897, -2.0865197, -16.565954
4.4302936, -8.965071, -1.9629712, -16.654425
4.441373, -8.959588, -1.8384528, -16.741863
4.451726, -8.954448, -1.7129774, -16.828228
4.4613557, -8.949654, -1.5865617, -16.91349
4.4702663, -8.945207, -1.4592161, -16.997612
4.4784613, -8.941106, -1.3309593, -17.080555
4.4859447, -8.937354, -1.2018027, -17.162289
4.49272, -8.93395, -1.0717645, -17.242771
4.4987926, -8.930894, -0.9408636, -17.321968
4.5041666, -8.928185, -0.8091183, -17.399845
4.5088468, -8.925822, -0.67654705, -17.47636
4.5128384, -8.923805, -0.543169, -17.551481
4.5161476, -8.922131, -0.4090042, -17.62517
4.518781, -8.920797, -0.2740736, -17.697388
4.520743, -8.919803, -0.13840294, -17.7681
4.5220413, -8.919145, -0.0020122528, -17.837269
4.522681, -8.91882, 0.13507032, -17.904858
4.5226717, -8.918825, 0.27282047, -17.970829
4.522019, -8.919156, 0.411211, -18.035145
4.520732, -8.919808, 0.55021715, -18.09777
4.5188193, -8.920777, 0.6898079, -18.15867
4.516288, -8.92206, 0.8299537, -18.217808
4.5131493, -8.923647, 0.97062445, -18.275145
4.509412, -8.925537, 1.1117892, -18.33065
4.505086, -8.927721, 1.2534132, -18.384287
4.500183, -8.930193, 1.3954656, -18.43602
4.494714, -8.932947, 1.5379095, -18.485817
4.48869, -8.935976, 1.6807077, -18.533644
4.4821234, -8.939271, 1.8238254, -18.579472
4.475028, -8.942825, 1.9672244, -18.623264
4.467417, -8.94663, 2.110864, -18.664997
4.459303, -8.950677, 2.2547042, -18.704638
4.450702, -8.954957, 2.3987045, -18.742157
4.441629, -8.95946, 2.5428238, -18.777533
4.4320993, -8.964178, 2.6870162, -18.810734
4.422131, -8.9691, 2.8312416, -18.841743
4.4117393, -8.974216, 2.975451, -18.870533
4.400943, -8.979515, 3.1196012, -18.897083
4.38976, -8.984987, 3.2636456, -18.92138
4.3782086, -8.9906225, 3.407536, -18.943401
4.366309, -8.9964075, 3.5512252, -18.963135
4.3540816, -9.002332, 3.694665, -18.980568
4.341546, -9.008384, 3.8378053, -18.99569
4.328724, -9.014552, 3.9805977, -19.008492
4.315638, -9.020824, 4.1229954, -19.018969
4.3023095, -9.027188, 4.2649455, -19.027119
4.2887616, -9.033633, 4.4064, -19.03294
4.2750163, -9.040146, 4.5473075, -19.036438
4.261099, -9.046715, 4.6876216, -19.037615
4.2470317, -9.053327, 4.8272915, -19.036476
4.23284, -9.059971, 4.9662676, -19.03304
4.218547, -9.066635, 5.104504, -19.027311
4.2041774, -9.073306, 5.241952, -19.01931
4.1897564, -9.079975, 5.378565, -19.00906
4.175308, -9.086627, 5.5142965, -18.996578
4.160858, -9.093254, 5.6491055, -18.98189
4.1464305, -9.099842, 5.782946, -18.965023
4.1320496, -9.10638, 5.915777, -18.94601
4.11774, -9.11286, 6.047558, -18.924883
4.103526, -9.119269, 6.17825, -18.901678
4.08943, -9.125599, 6.3078136, -18.876434
4.0754757, -9.13184, 6.4362144, -18.84919
4.061686, -9.137981, 6.5634193, -18.819992
4.0480833, -9.144015, 6.689397, -18.788883
4.034689, -9.149934, 6.8141155, -18.75591
4.0215235, -9.155727, 6.9375463, -18.721123
4.008608, -9.16139, 7.0596657, -18.684574
3.9959617, -9.166913, 7.1804495, -18.646313
3.983603, -9.17229, 7.2998743, -18.606396
3.9715502, -9.177515, 7.417921, -18.564877
3.9598207, -9.182583, 7.5345745, -18.521809
3.94843, -9.187487, 7.6498165, -18.477253
3.9373941, -9.192221, 7.7636337, -18.431263
3.9267268, -9.196783, 7.8760157, -18.3839
3.916442, -9.201167, 7.9869533, -18.33522
3.9065514, -9.205371, 8.0964365, -18.285286
3.897067, -9.209391, 8.204462, -18.234154
3.887999, -9.2132225, 8.311026, -18.18188
3.8793583, -9.216864, 8.416126, -18.128527
3.8711524, -9.220313, 8.519762, -18.07415
3.863389, -9.223569, 8.621933, -18.01881
3.8560758, -9.226629, 8.722645, -17.962563
3.849219, -9.229491, 8.821901, -17.90546
3.8428235, -9.232157, 8.919706, -17.847565
3.836894, -9.234622, 9.01607, -17.788927
3.831433, -9.236889, 9.110997, -17.729603
3.8264444, -9.238956, 9.204497, -17.669647
3.8219306, -9.240826, 9.296585, -17.609108
3.8178918, -9.242495, 9.387266, -17.548038
3.8143296, -9.243965, 9.476557, -17.486488
3.8112438, -9.245237, 9.564467, -17.424503
3.8086338, -9.246313, 9.651014, -17.362137
3.8064985, -9.247192, 9.73621, -17.299429
3.804836, -9.247876, 9.820069, -17.236427
3.8036444, -9.248367, 9.90261, -17.173178
3.8029199, -9.248665, 9.983845, -17.109718
3.802661, -9.248771, 10.063793, -17.046093
3.8028626, -9.248688, 10.142469, -16.982342
3.803522, -9.248417, 10.2198925, -16.9185
3.8046346, -9.24796, 10.29608, -16.85461
3.8061943, -9.247318, 10.371048, -16.790707
3.808197, -9.246493, 10.444813, -16.726822
3.8106384, -9.245487, 10.517398, -16.662992
3.8135118, -9.244303, 10.588817, -16.59925
3.8168108, -9.242941, 10.659086, -16.535625
3.8205304, -9.241404, 10.728228, -16.472153
3.8246646, -9.239694, 10.796259, -16.408855
3.8292065, -9.237812, 10.863196, -16.345764
3.8341484, -9.235763, 10.929056, -16.28291
3.8394842, -9.233545, 10.993858, -16.220314
3.8452082, -9.231163, 11.057621, -16.158
3.8513114, -9.228619, 11.120359, -16.096
3.857788, -9.225913, 11.182093, -16.034332
3.8646314, -9.223049, 11.242837, -15.973019
3.8718328, -9.220028, 11.30261, -15.912079
3.8793855, -9.216852, 11.361427, -15.851538
3.887282, -9.213525, 11.419306, -15.791412
3.8955145, -9.210047, 11.476261, -15.731725
3.9040768, -9.206421, 11.5323105, -15.672489
3.9129603, -9.202648, 11.587469, -15.613726
3.9221582, -9.198732, 11.641753, -15.55545
3.9316633, -9.194674, 11.695177, -15.497678
3.9414678, -9.190475, 11.747757, -15.440424
3.9515636, -9.186139, 11.799504, -15.383705
3.9619443, -9.181666, 11.850437, -15.327533
3.9726024, -9.17706, 11.900569, -15.271922
3.9835298, -9.172322, 11.949912, -15.2168865
3.9947202, -9.167454, 11.998482, -15.162436
4.0061655, -9.162458, 12.046289, -15.108583
4.0178595, -9.157336, 12.09335, -15.05534
4.029794, -9.15209, 12.139675, -15.002717
4.041962, -9.146723, 12.185276, -14.950725
4.0543566, -9.141236, 12.230166, -14.899372
4.066972, -9.13563, 12.274359, -14.848667
4.0798, -9.129909, 12.317863, -14.79862
4.0928345, -9.124073, 12.360694, -14.749241
4.1060686, -9.118125, 12.402858, -14.700534
4.119496, -9.112066, 12.444368, -14.652508
4.133109, -9.1059, 12.485235, -14.605172
4.146902, -9.099627, 12.525467, -14.558533
4.160869, -9.093248, 12.565077, -14.512593
4.175004, -9.086767, 12.604073, -14.467361
4.1892996, -9.080185, 12.642464, -14.422845
4.20375, -9.073504, 12.68026, -14.379047
4.218349, -9.066727, 12.717468, -14.335975
4.2330914, -9.059853, 12.754099, -14.293631
4.2479706, -9.052886, 12.790159, -14.252021
4.262982, -9.045827, 12.825659, -14.211149
4.2781177, -9.038678, 12.860603, -14.17102
4.2933745, -9.031442, 12.895002, -14.131636
4.308746, -9.024118, 12.928864, -14.093002
4.324226, -9.01671, 12.962191, -14.05512
4.3398094, -9.00922, 12.994991, -14.017996
4.3554916, -9.00165, 13.027273, -13.98163
4.371268, -8.993999, 13.059042, -13.946024
4.387132, -8.986271, 13.090305, -13.911184
4.4030805, -8.978468, 13.121069, -13.87711
4.419107, -8.970591, 13.151335, -13.843802
4.435208, -8.962641, 13.181112, -13.811265
4.451378, -8.954621, 13.210404, -13.7795
4.467612, -8.946532, 13.239216, -13.7485075
4.483907, -8.938376, 13.267553, -13.718288
4.5002575, -8.930156, 13.295419, -13.688847
4.51666, -8.92187, 13.322819, -13.660179
4.533109, -8.913525, 13.349754, -13.632291
4.5496025, -8.905117, 13.376234, -13.605179
4.5661335, -8.896652, 13.402256, -13.578846
4.5827003, -8.88813, 13.427826, -13.553293
4.5992985, -8.879553, 13.452949, -13.528518
4.615924, -8.870921, 13.477625, -13.504521
4.6325736, -8.862238, 13.50186, -13.481304
4.649243, -8.853504, 13.525652, -13.458866
4.665928, -8.844723, 13.5490055, -13.437208
4.682627, -8.835893, 13.571926, -13.4163265
4.699336, -8.827018, 13.594411, -13.396223
4.716051, -8.818098, 13.616466, -13.376896
4.7327695, -8.809136, 13.638088, -13.358345
4.7494874, -8.800135, 13.659283, -13.34057
4.766202, -8.791093, 13.680048, -13.32357
4.782911, -8.782014, 13.700388, -13.307343
4.79961, -8.772898, 13.720302, -13.291886
4.816298, -8.763748, 13.739792, -13.277203
4.8329716, -8.754564, 13.758857, -13.263285
4.8496275, -8.745348, 13.777499, -13.250135
4.8662624, -8.736103, 13.795716, -13.237754
4.882875, -8.726829, 13.813509, -13.226135
4.899462, -8.717526, 13.830879, -13.215279
4.9160223, -8.708199, 13.847827, -13.205183
4.9325523, -8.698846, 13.86435, -13.195844
4.9490504, -8.689471, 13.880449, -13.187262
4.9655128, -8.680074, 13.896122, -13.179433
4.9819384, -8.670656, 13.911367, -13.172356
4.9983253, -8.661221, 13.926187, -13.166029
5.01467, -8.651768, 13.940577, -13.160448
5.0309725, -8.642298, 13.954537, -13.155611
5.047229, -8.632814, 13.968066, -13.151516
5.0634384, -8.623317, 13.981163, -13.148157
5.079599, -8.613808, 13.993826, -13.145535
5.0957084, -8.604287, 14.006052, -13.143644
5.1117654, -8.594757, 14.017841, -13.142483
5.1277676, -8.58522, 14.02919, -13.142049
5.143713, -8.575676, 14.040094, -13.142337
5.1596003, -8.566126, 14.050555, -13.143344
5.175429, -8.556573, 14.06057, -13.145067
5.191197, -8.547016, 14.070135, -13.147502
5.2069016, -8.537457, 14.0792465, -13.150646
5.2225423, -8.527898, 14.087902, -13.154493
5.238117, -8.518341, 14.096101, -13.159043
5.253625, -8.508785, 14.103838, -13.164289
5.2690644, -8.499233, 14.111113, -13.170229
5.284434, -8.489686, 14.117918, -13.176857
5.2997327, -8.480144, 14.124252, -13.184168
5.3149586, -8.47061, 14.130113, -13.192162
5.3301105, -8.461082, 14.135496, -13.200829
5.345188, -8.451566, 14.140398, -13.210167
5.3601894, -8.4420595, 14.144815, -13.220171
5.375114, -8.432565, 14.148745, -13.230837
5.38996, -8.423083, 14.15218, -13.242159
5.404726, -8.413616, 14.155121, -13.254132
5.4194117, -8.404164, 14.15756, -13.266752
5.434015, -8.39473, 14.159494, -13.280014
5.448536, -8.385312, 14.160921, -13.293911
5.4629717, -8.375914, 14.161834, -13.308438
5.477323, -8.366536, 14.16223, -13.323591
5.4915876, -8.357181, 14.162103, -13.339365
5.505766, -8.347847, 14.161452, -13.355751
5.519855, -8.338536, 14.160269, -13.372744
5.5338564, -8.329252, 14.158554, -13.390339
5.547766, -8.319994, 14.156296, -13.408531
5.561585, -8.310762, 14.153496, -13.427311
5.5753117, -8.30156, 14.1501465, -13.446676
5.5889454, -8.292388, 14.146243, -13.466618
5.602484, -8.283246, 14.141781, -13.487129
5.615928, -8.2741375, 14.136759, -13.508205
5.6292763, -8.265062, 14.131166, -13.529838
5.6425266, -8.2560215, 14.125003, -13.552021
5.655679, -8.247017, 14.118261, -13.574747
5.668733, -8.2380495, 14.110939, -13.598009
5.6816864, -8.229121, 14.103028, -13.621801
5.694539, -8.220233, 14.094527, -13.646115
5.7072887, -8.211386, 14.085429, -13.670942
5.7199364, -8.20258, 14.07573, -13.696278
5.7324796, -8.193819, 14.065426, -13.722111
5.7449174, -8.185103, 14.05451, -13.748436
5.757249, -8.1764345, 14.042977, -13.775247
5.769474, -8.167812, 14.030827, -13.80253
5.7815905, -8.159241, 14.01805, -13.830284
5.793597, -8.15072, 14.004643, -13.858498
5.8054934, -8.14225, 13.990602, -13.887161
5.817279, -8.133835, 13.975923, -13.916268
5.8289504, -8.125475, 13.960598, -13.945811
5.8405094, -8.11717, 13.944626, -13.975779
5.8519526, -8.108924, 13.928001, -14.006165
5.8632803, -8.100738, 13.91072, -14.036958
5.87449, -8.092612, 13.892776, -14.068152
5.8855815, -8.084549, 13.874168, -14.099737
5.8965535, -8.0765505, 13.854889, -14.131704
5.907404, -8.068617, 13.834936, -14.164043
5.918133, -8.060751, 13.814306, -14.196747
5.9287376, -8.052955, 13.792994, -14.229805
5.939217, -8.045228, 13.770994, -14.2632065
5.949571, -8.037575, 13.748306, -14.296946
5.9597974, -8.029994, 13.724926, -14.331009
5.9698954, -8.0224905, 13.700848, -14.36539
5.979862, -8.015063, 13.67607, -14.400076
5.9896975, -8.007716, 13.650587, -14.4350605
5.9994, -8.000449, 13.6244, -14.470332
6.008968, -7.993266, 13.597502, -14.50588
6.0183997, -7.986167, 13.569891, -14.541697
6.0276937, -7.9791546, 13.541565, -14.57777
6.036849, -7.9722304, 13.512521, -14.614092
6.0458636, -7.965396, 13.482756, -14.65065
6.0547357, -7.9586544, 13.452268, -14.687437
6.063464, -7.952006, 13.421055, -14.724441
6.072047, -7.945454, 13.389113, -14.761651
6.0804834, -7.939, 13.356443, -14.799059
6.088771, -7.9326463, 13.323042, -14.836655
6.096907, -7.9263935, 13.288906, -14.874426
6.104892, -7.920246, 13.254038, -14.912365
6.1127234, -7.9142036, 13.218433, -14.950459
6.1203985, -7.908269, 13.182093, -14.988698
6.1279173, -7.902445, 13.145014, -15.027075
6.135277, -7.896733, 13.107198, -15.065577
6.142475, -7.8911343, 13.068642, -15.104193
6.1495113, -7.885652, 13.029346, -15.142916
6.156383, -7.880288, 12.989311, -15.181732
6.163089, -7.875045, 12.948537, -15.220634
6.1696267, -7.8699245, 12.907023, -15.259612
6.175995, -7.864928, 12.864771, -15.298653
6.1821914, -7.860058, 12.821779, -15.3377495
6.1882143, -7.855317, 12.778049, -15.376891
6.194062, -7.8507066, 12.733583, -15.416067
6.199733, -7.846229, 12.688379, -15.455267
6.2052245, -7.841887, 12.642443, -15.494484
6.210535, -7.837682, 12.595771, -15.533705
6.2156634, -7.8336153, 12.548368, -15.572921
6.2206073, -7.82969, 12.5002365, -15.612123
6.225364, -7.825908, 12.451376, -15.651301
6.2299337, -7.8222713, 12.401791, -15.690447
6.234312, -7.818782, 12.351481, -15.729549
6.238499, -7.8154416, 12.300451, -15.7686
6.242492, -7.8122525, 12.248704, -15.8075905
6.2462897, -7.8092165, 12.19624, -15.846509
6.24989, -7.8063354, 12.143066, -15.88535
6.25329, -7.8036118, 12.089182, -15.924103
6.2564898, -7.801047, 12.034593, -15.962757
6.259486, -7.798643, 11.979301, -16.001308
6.262278, -7.7964015, 11.923313, -16.039743
6.2648635, -7.794324, 11.866631, -16.078056
6.26724, -7.7924128, 11.809256, -16.116238
6.2694073, -7.79067, 11.751198, -16.15428
6.2713623, -7.789096, 11.692457, -16.192173
6.2731037, -7.787693, 11.633039, -16.229912
6.274631, -7.786463, 11.572952, -16.267487
6.275941, -7.785407, 11.512197, -16.304893
6.2770324, -7.784528, 11.450778, -16.342117
6.2779036, -7.783825, 11.388703, -16.379156
6.278553, -7.783301, 11.325977, -16.416
6.2789793, -7.782957, 11.262604, -16.452644
6.2791815, -7.782794, 11.198591, -16.489079
6.2791567, -7.782814, 11.133944, -16.5253
6.278904, -7.7830176, 11.068666, -16.561296
6.278422, -7.7834063, 11.002766, -16.597065
6.277709, -7.7839813, 10.936247, -16.632599
6.2767644, -7.7847433, 10.869119, -16.667889
6.275585, -7.785694, 10.801384, -16.702932
6.274172, -7.786833, 10.733053, -16.73772
6.2725215, -7.788162, 10.664129, -16.772247
6.2706337, -7.7896824, 10.594619, -16.806509
6.268507, -7.791394, 10.52453, -16.840496
6.2661405, -7.7932973, 10.453871, -16.874207
6.263532, -7.795394, 10.382646, -16.907635
6.260681, -7.7976837, 10.310862, -16.94077
6.2575865, -7.800167, 10.238527, -16.973614
6.2542467, -7.802845, 10.165647, -17.006157
6.250662, -7.8057175, 10.092231, -17.038395
6.246829, -7.8087854, 10.018284, -17.070326
6.2427483, -7.8120475, 9.943815, -17.10194
6.2384186, -7.815506, 9.868832, -17.133236
6.2338395, -7.819159, 9.793339, -17.16421
6.2290096, -7.823007, 9.717348, -17.194853
6.2239275, -7.8270507, 9.640863, -17.225164
6.218593, -7.83129, 9.563893, -17.25514
6.213005, -7.835724, 9.486445, -17.284775
6.2071633, -7.8403525, 9.408529, -17.314066
6.201066, -7.8451757, 9.330149, -17.34301
6.194713, -7.850193, 9.251314, -17.371601
6.188104, -7.8554034, 9.172033, -17.399834
6.181238, -7.8608074, 9.092313, -17.427711
6.174115, -7.8664036, 9.012162, -17.455225
6.1667337, -7.8721914, 8.931589, -17.482372
6.1590934, -7.87817, 8.850598, -17.509151
6.1511946, -7.8843393, 8.769203, -17.535559
6.143036, -7.8906975, 8.687407, -17.561592
6.1346173, -7.8972445, 8.605219, -17.587246
6.125939, -7.9039783, 8.522648, -17.61252
6.117, -7.910898, 8.439703, -17.637411
6.1077995, -7.918004, 8.356389, -17.661919
6.098338, -7.925293, 8.2727165, -17.686035
6.0886154, -7.932765, 8.188692, -17.709763
6.0786314, -7.9404182, 8.104325, -17.733097
6.068385, -7.9482512, 8.019623, -17.756037
6.057878, -7.9562626, 7.934595, -17.77858
6.047108, -7.9644513, 7.8492475, -17.800726
6.036077, -7.9728146, 7.763589, -17.82247
6.024784, -7.9813523, 7.6776276, -17.843811
6.013229, -7.990061, 7.5913715, -17.86475
6.0014124, -7.9989405, 7.5048294, -17.88528
5.989334, -8.007988, 7.4180098, -17.905407
5.9769945, -8.017202, 7.3309183, -17.925123
5.9643936, -8.026582, 7.2435646, -17.944431
5.9515324, -8.036123, 7.1559563, -17.963326
5.93841, -8.045824, 7.068103, -17.981808
5.925027, -8.055685, 6.980011, -17.99988
5.9113846, -8.0657015, 6.8916874, -18.017536
5.897483, -8.075871, 6.8031445, -18.034775
5.883322, -8.086194, 6.7143865, -18.051601
5.868902, -8.096665, 6.625422, -18.068008
5.854225, -8.107284, 6.5362597, -18.083998
5.8392906, -8.118047, 6.446908, -18.099571
5.824099, -8.128952, 6.357375, -18.114723
5.808652, -8.1399975, 6.2676663, -18.129457
5.792949, -8.15118, 6.177791, -18.143772
5.7769923, -8.1624975, 6.08776, -18.15767
5.760782, -8.173946, 5.9975767, -18.171143
5.744318, -8.185524, 5.9072514, -18.184196
5.727602, -8.197229, 5.8167906, -18.19683
5.7106357, -8.209058, 5.726203, -18.209045
5.6934195, -8.221008, 5.6354966, -18.22084
5.675954, -8.233076, 5.5446806, -18.232214
5.6582403, -8.24526, 5.453758, -18.24317
5.64028, -8.257557, 5.3627396, -18.253704
5.622074, -8.269962, 5.2716346, -18.26382
5.603624, -8.282475, 5.1804485, -18.273518
5.5849304, -8.295092, 5.089188, -18.282795
5.5659957, -8.307809, 4.9978647, -18.291656
5.54682, -8.320624, 4.906483, -18.300102
5.527406, -8.333533, 4.815051, -18.308128
5.507755, -8.346535, 4.7235765, -18.31574
5.487867, -8.359624, 4.632066, -18.322937
5.4677444, -8.372799, 4.540528, -18.32972
5.4473896, -8.386057, 4.4489694, -18.33609
5.426803, -8.399393, 4.357397, -18.342049
5.4059877, -8.412806, 4.26582, -18.347595
5.384945, -8.4262905, 4.174246, -18.35273
5.363675, -8.439845, 4.082678, -18.357458
5.342182, -8.453466, 3.9911275, -18.361778
5.320467, -8.467151, 3.8995996, -18.365692
5.2985306, -8.480894, 3.8081002, -18.369202
5.2763767, -8.494696, 3.7166407, -18.372307
5.2540064, -8.50855, 3.625225, -18.375011
5.231423, -8.522454, 3.5338614, -18.377316
5.2086263, -8.536405, 3.442555, -18.37922
5.185621, -8.5504, 3.351315, -18.380726
5.162408, -8.564435, 3.2601478, -18.38184
5.138989, -8.578508, 3.1690574, -18.382557
5.115368, -8.592614, 3.0780556, -18.382883
5.091546, -8.6067505, 2.9871454, -18.382818
5.0675273, -8.620914, 2.896336, -18.382366
5.043312, -8.635102, 2.8056316, -18.381527
5.018904, -8.649312, 2.7150404, -18.380304
4.994306, -8.663539, 2.624568, -18.3787
4.9695196, -8.67778, 2.5342207, -18.376713
4.944549, -8.692033, 2.444007, -18.374352
4.919395, -8.706294, 2.353929, -18.371613
4.8940616, -8.720559, 2.2639983, -18.3685
4.8685513, -8.734827, 2.1742182, -18.365017
4.8428674, -8.749093, 2.084596, -18.361166
4.817013, -8.763355, 1.9951382, -18.356949
4.7909894, -8.777609, 1.9058495, -18.352365
4.764802, -8.791852, 1.8167381, -18.347422
4.738452, -8.806082, 1.7278073, -18.342121
4.7119436, -8.820294, 1.6390667, -18.33646
4.6852794, -8.834487, 1.5505188, -18.330448
4.6584625, -8.848657, 1.4621711, -18.324085
4.631497, -8.862801, 1.3740327, -18.317371
4.604385, -8.876916, 1.2861032, -18.310314
4.5771303, -8.891, 1.1983919, -18.302914
4.549737, -8.905049, 1.1109056, -18.295174
4.5222073, -8.919061, 1.0236461, -18.287094
4.4945445, -8.933033, 0.9366214, -18.278683
4.4667535, -8.946961, 0.8498385, -18.26994
4.438837, -8.960844, 0.7632997, -18.260868
4.410798, -8.974679, 0.6770129, -18.251469
4.382641, -8.988462, 0.59098196, -18.241749
4.354369, -9.0021925, 0.5052142, -18.23171
4.3259854, -9.015866, 0.41971064, -18.221355
4.2974944, -9.029482, 0.3344798, -18.210686
4.2689, -9.0430355, 0.24952698, -18.199707
4.2402053, -9.056526, 0.16485643, -18.188423
4.2114143, -9.06995, 0.08047342, -18.176834
4.182531, -9.083305, -0.0036172867, -18.164944
4.1535597, -9.09659, -0.08741093, -18.152758
4.1245036, -9.1098, -0.17089987, -18.140278
4.0953665, -9.122936, -0.25408268, -18.127506
4.066153, -9.135995, -0.33695412, -18.114449
4.0368657, -9.148973, -0.4195099, -18.101109
4.00751, -9.16187, -0.50174475, -18.087486
3.9780893, -9.174683, -0.5836539, -18.073587
3.9486074, -9.18741, -0.66523075, -18.059418
3.9190698, -9.200048, -0.7464752, -18.044973
3.8894784, -9.212598, -0.827379, -18.030266
3.8598392, -9.225055, -0.90793824, -18.015293
3.8301558, -9.237419, -0.9881487, -18.000065
3.8004315, -9.249688, -1.0680091, -17.984577
3.7706711, -9.261859, -1.1475132, -17.968838
3.7408786, -9.273932, -1.2266555, -17.95285
3.7110572, -9.285906, -1.3054361, -17.936617
3.6812134, -9.297777, -1.3838458, -17.920143
3.651349, -9.309546, -1.4618831, -17.90343
3.6214695, -9.321211, -1.539546, -17.886486
3.591579, -9.332768, -1.616828, -17.869307
3.5616822, -9.344218, -1.6937237, -17.851904
3.5317817, -9.35556, -1.7702336, -17.834276
3.5018835, -9.366793, -1.8463511, -17.816431
3.4719908, -9.377914, -1.9220741, -17.79837
3.4421089, -9.388924, -1.9973972, -17.780096
3.41224, -9.39982, -2.072321, -17.761614
3.3823907, -9.410603, -2.146836, -17.742928
3.3525634, -9.421269, -2.2209454, -17.724041
3.3227632, -9.431821, -2.2946403, -17.704956
3.2929947, -9.442255, -2.3679202, -17.68568
3.2632616, -9.452573, -2.4407809, -17.666214
3.2335682, -9.462771, -2.5132203, -17.64656
3.2039194, -9.472851, -2.5852313, -17.626728
3.1743188, -9.482811, -2.6568155, -17.606718
3.1447706, -9.492651, -2.7279692, -17.586533
3.1152794, -9.50237, -2.7986877, -17.566177
3.0858488, -9.511968, -2.8689709, -17.545654
3.0564835, -9.521444, -2.938811, -17.524971
3.0271873, -9.5308, -3.0082102, -17.50413
2.9979649, -9.540031, -3.0771642, -17.48313
2.96882, -9.549142, -3.145668, -17.461983
2.9397569, -9.558128, -3.2137218, -17.440685
2.9107795, -9.566994, -3.2813225, -17.419247
2.8818917, -9.575735, -3.3484678, -17.397667
2.8530989, -9.584353, -3.4151525, -17.375954
2.8244038, -9.592849, -3.4813757, -17.354107
2.7958102, -9.601221, -3.5471377, -17.332134
2.7673235, -9.60947, -3.612433, -17.310036
2.738947, -9.617597, -3.677259, -17.287819
2.7106843, -9.625601, -3.7416162, -17.265484
2.6825404, -9.633482, -3.8054996, -17.243038
2.6545186, -9.641241, -3.868909, -17.220482
2.6266222, -9.648878, -3.93184, -17.197823
2.5988564, -9.656394, -3.9942946, -17.175062
2.571223, -9.663789, -4.0562677, -17.152205
2.543728, -9.671062, -4.117757, -17.129253
2.516374, -9.678216, -4.1787624, -17.106213
2.4891648, -9.685249, -4.239281, -17.083088
2.4621048, -9.692164, -4.2993097, -17.059883
2.4351964, -9.698959, -4.358852, -17.036594
2.4084442, -9.705637, -4.417901, -17.013237
2.381852, -9.712198, -4.4764557, -16.989809
2.3554235, -9.718641, -4.534515, -16.966314
2.3291621, -9.724968, -4.5920773, -16.942755
2.3030708, -9.73118, -4.6491423, -16.919138
2.2771528, -9.737278, -4.7057085, -16.895466
2.2514129, -9.743261, -4.7617702, -16.871744
2.2258537, -9.749132, -4.8173313, -16.847973
2.2004778, -9.75489, -4.872389, -16.82416
2.1752899, -9.760538, -4.926942, -16.800304
2.150292, -9.766076, -4.980987, -16.776417
2.1254888, -9.771504, -5.0345254, -16.752493
2.1008825, -9.776824, -5.0875545, -16.728542
2.0764766, -9.782037, -5.1400743, -16.704565
2.0522735, -9.787144, -5.1920834, -16.680569
2.0282772, -9.792145, -5.24358, -16.656551
2.0044909, -9.797041, -5.2945633, -16.632523
1.9809167, -9.801835, -5.3450327, -16.608482
1.9575582, -9.806527, -5.394985, -16.58444
1.9344176, -9.811117, -5.444425, -16.56039
1.9114993, -9.815608, -5.4933453, -16.536343
1.8888044, -9.820002, -5.54175, -16.5123
1.8663361, -9.824296, -5.589637, -16.488264
1.8440984, -9.828494, -5.6370015, -16.464241
1.8220927, -9.832598, -5.683847, -16.440235
1.8003216, -9.836607, -5.730174, -16.416245
1.7787881, -9.840525, -5.7759805, -16.392279
1.7574948, -9.844349, -5.821264, -16.368336
1.7364435, -9.848084, -5.866028, -16.344425
1.7156377, -9.85173, -5.910266, -16.320549
1.6950793, -9.8552885, -5.953982, -16.296707
1.6747699, -9.85876, -5.9971757, -16.272903
1.654713, -9.862145, -6.0398455, -16.249146
1.6349103, -9.865448, -6.0819902, -16.225435
1.6153647, -9.868668, -6.1236124, -16.201775
1.5960776, -9.871805, -6.1647086, -16.178167
1.5770502, -9.874863, -6.205281, -16.154617
1.5582867, -9.877841, -6.2453275, -16.131128
1.5397873, -9.880742, -6.2848506, -16.107704
1.5215547, -9.883566, -6.323848, -16.084345
1.5035915, -9.886314, -6.362317, -16.06106
1.4858992, -9.8889885, -6.400263, -16.037846
1.4684794, -9.891591, -6.437683, -16.01471
1.4513332, -9.894121, -6.4745784, -15.991655
1.4344635, -9.896582, -6.510946, -15.968687
1.4178717, -9.898972, -6.546789, -15.945803
1.4015591, -9.901295, -6.5821075, -15.923012
1.3855273, -9.903551, -6.616899, -15.900314
1.3697777, -9.905741, -6.651167, -15.877712
1.3543115, -9.907867, -6.6849103, -15.855213
1.3391314, -9.909931, -6.718129, -15.832815
1.3242377, -9.911932, -6.750824, -15.810522
1.3096318, -9.913873, -6.7829957, -15.788341
1.2953161, -9.915753, -6.8146424, -15.7662735
1.281291, -9.917575, -6.845765, -15.74432
1.2675577, -9.919339, -6.876365, -15.7224865
1.2541177, -9.921047, -6.9064436, -15.700773
1.2409711, -9.922701, -6.9360003, -15.679188
1.2281204, -9.924299, -6.965035, -15.657728
1.2155659, -9.925845, -6.9935484, -15.6364
1.2033089, -9.927339, -7.0215397, -15.615208
1.1913495, -9.928781, -7.0490127, -15.594152
1.1796889, -9.930173, -7.0759664, -15.573235
1.1683288, -9.931516, -7.1024013, -15.552462
1.157269, -9.932811, -7.1283183, -15.531833
1.1465108, -9.934058, -7.153717, -15.511353
1.1360546, -9.935259, -7.1786, -15.491024
1.1259016, -9.936415, -7.2029643, -15.470851
1.1160518, -9.937526, -7.226817, -15.450832
1.1065066, -9.938594, -7.2501516, -15.430977
1.0972661, -9.939618, -7.272971, -15.4112835
1.0883304, -9.9406, -7.2952795, -15.391754
1.0796995, -9.941542, -7.3170776, -15.372393
1.0713749, -9.942442, -7.3383627, -15.353201
1.0633564, -9.943303, -7.3591366, -15.334186
1.0556443, -9.944125, -7.379403, -15.315344
1.0482385, -9.944908, -7.3991594, -15.29668
1.0411407, -9.945654, -7.4184074, -15.2782
1.0343491, -9.9463625, -7.4371505, -15.259902
1.0278655, -9.947034, -7.455387, -15.241789
1.0216898, -9.947671, -7.4731174, -15.223868
1.0158207, -9.948272, -7.490345, -15.206138
1.0102599, -9.948837, -7.5070705, -15.188597
1.0050069, -9.94937, -7.5232935, -15.171257
1.0000609, -9.949868, -7.539015, -15.154115
0.99542195, -9.950334, -7.5542407, -15.137171
0.99109113, -9.950766, -7.5689635, -15.120434
0.98706734, -9.951166, -7.583192, -15.103901
0.98334956, -9.951533, -7.596923, -15.087574
0.9799388, -9.95187, -7.6101594, -15.071461
0.97683406, -9.952175, -7.622904, -15.055556
0.9740353, -9.95245, -7.6351557, -15.039868
0.97154266, -9.952694, -7.646915, -15.024398
0.9693548, -9.952907, -7.658186, -15.009144
0.96747184, -9.95309, -7.6689663, -14.994114
0.9658926, -9.953243, -7.679261, -14.979307
0.9646171, -9.953367, -7.68907, -14.964724
0.9636453, -9.953462, -7.6983933, -14.950369
0.9629761, -9.953526, -7.707234, -14.936242
0.96260834, -9.953562, -7.7155924, -14.922348
0.9625418, -9.9535675, -7.7234707, -14.908686
0.9627768, -9.953546, -7.730868, -14.895261
0.96331066, -9.953493, -7.7377887, -14.882071
0.96414363, -9.953413, -7.744231, -14.8691225
0.96527565, -9.953303, -7.7501993, -14.856413
0.9667042, -9.953164, -7.7556944, -14.843946
0.9684294, -9.952997, -7.7607174, -14.831726
0.9704499, -9.9528, -7.765268, -14.819754
0.9727659, -9.952574, -7.769349, -14.808026
0.9753748, -9.952318, -7.772964, -14.796549
0.9782767, -9.952034, -7.776111, -14.785323
0.9814704, -9.951719, -7.778793, -14.774352
0.9849546, -9.951375, -7.7810106, -14.763637
0.98872817, -9.951001, -7.782766, -14.753178
0.9927898, -9.950596, -7.784062, -14.742973
0.9971383, -9.950162, -7.7848973, -14.733032
1.0017725, -9.949696, -7.785277, -14.723349
1.0066912, -9.9492, -7.7852, -14.71393
1.0118929, -9.948672, -7.7846684, -14.704775
1.0173768, -9.9481125, -7.7836847, -14.695882
1.0231413, -9.947521, -7.782247, -14.687261
1.0291853, -9.9468975, -7.780361, -14.6789055
1.0355064, -9.946242, -7.7780285, -14.670817
1.0421045, -9.945553, -7.7752457, -14.663003
1.0489771, -9.94483, -7.7720194, -14.655458
1.0561233, -9.944074, -7.768348, -14.648188
1.0635413, -9.943283, -7.7642365, -14.6411915
1.0712291, -9.942457, -7.7596836, -14.63447
1.0791863, -9.941598, -7.75469, -14.628028
1.0874096, -9.9407015, -7.7492623, -14.621859
1.0958987, -9.939769, -7.7433968, -14.615971
1.1046512, -9.9388, -7.737096, -14.610362
1.1136659, -9.937794, -7.7303643, -14.605034
1.1229415, -9.93675, -7.7231994, -14.599988
1.1324754, -9.935668, -7.715606, -14.595222
1.1422653, -9.934547, -7.7075844, -14.590744
1.1523099, -9.933387, -7.699138, -14.586544
1.1626078, -9.932187, -7.690264, -14.582635
1.1731566, -9.930946, -7.6809673, -14.579008
1.183954, -9.929666, -7.6712494, -14.575672
1.1949984, -9.928342, -7.6611114, -14.57262
1.2062887, -9.926976, -7.650553, -14.569858
1.2178223, -9.925569, -7.639579, -14.567383
1.229597, -9.924117, -7.628188, -14.565199
1.2416099, -9.922621, -7.616384, -14.563304
1.2538599, -9.921081, -7.6041684, -14.561698
1.2663457, -9.919495, -7.5915394, -14.560387
1.2790635, -9.917862, -7.5785027, -14.559362
1.2920122, -9.916183, -7.565057, -14.558632
1.3051891, -9.914458, -7.5512047, -14.558195
1.3185918, -9.912684, -7.536948, -14.558048
1.3322189, -9.910862, -7.5222864, -14.558198
1.3460679, -9.908991, -7.5072227, -14.5586405
1.3601352, -9.90707, -7.491761, -14.559376
1.3744205, -9.905098, -7.4758973, -14.560404
1.3889203, -9.903075, -7.459636, -14.561728
1.4036317, -9.901001, -7.4429812, -14.563345
1.4185537, -9.898874, -7.4259305, -14.565254
1.4336824, -9.896694, -7.4084864, -14.567459
1.4490166, -9.894461, -7.39065, -14.569961
1.4645538, -9.892173, -7.372422, -14.572755
1.4802899, -9.889831, -7.353807, -14.575846
1.4962242, -9.887432, -7.3348036, -14.579227
1.5123534, -9.884978, -7.315413, -14.582909
1.5286756, -9.882467, -7.2956386, -14.586878
1.5451865, -9.879898, -7.27548, -14.5911455
1.5618851, -9.877273, -7.25494, -14.595705
1.578769, -9.874588, -7.2340174, -14.600558
1.5958339, -9.871844, -7.212717, -14.605704
1.6130788, -9.869041, -7.191036, -14.611145
1.6305001, -9.8661785, -7.1689806, -14.616878
1.6480948, -9.863255, -7.1465497, -14.6229
1.6658618, -9.860269, -7.123741, -14.629217
1.6837974, -9.857222, -7.1005616, -14.635824
1.7018979, -9.854113, -7.077009, -14.642723
1.7201614, -9.850942, -7.053088, -14.64991
1.738586, -9.847707, -7.028794, -14.657389
1.7571675, -9.844407, -7.0041327, -14.665155
1.7759035, -9.841045, -6.979104, -14.673212
1.7947912, -9.837618, -6.9537115, -14.681553
1.8138272, -9.8341255, -6.9279523, -14.690182
1.8330098, -9.830568, -6.901829, -14.699099
1.8523357, -9.826945, -6.8753424, -14.708301
1.8718005, -9.8232565, -6.8484974, -14.717785
1.8914032, -9.8195, -6.821291, -14.7275505
1.91114, -9.815679, -6.7937236, -14.737603
1.9310082, -9.8117895, -6.7657986, -14.747936
1.9510041, -9.807833, -6.7375183, -14.758547
1.9711263, -9.803808, -6.7088804, -14.769439
1.9913698, -9.799717, -6.679889, -14.780608
2.0117335, -9.795557, -6.650542, -14.792055
2.0322132, -9.791328, -6.620841, -14.803778
2.0528066, -9.787031, -6.590789, -14.815775
2.07351, -9.782666, -6.5603867, -14.828043
2.0943203, -9.778232, -6.5296335, -14.840586
2.1152356, -9.773729, -6.4985313, -14.853397
2.1362517, -9.769157, -6.46708, -14.866479
2.1573663, -9.764516, -6.4352813, -14.8798275
2.1785755, -9.759806, -6.4031363, -14.893443
2.1998768, -9.755027, -6.3706455, -14.907322
2.2212663, -9.750178, -6.337811, -14.921464
2.2427416, -9.745261, -6.304632, -14.935869
2.2642999, -9.740274, -6.27111, -14.950531
2.2859378, -9.735219, -6.237246, -14.965451
2.3076525, -9.730095, -6.20304, -14.980629
2.3294406, -9.724901, -6.168492, -14.996062
2.3512988, -9.71964, -6.1336045, -15.011748
2.3732243, -9.71431, -6.098379, -15.027683
2.395213, -9.708911, -6.0628157, -15.043867
2.417263, -9.7034445, -6.0269146, -15.060296
2.439371, -9.69791, -5.990676, -15.076972
2.4615338, -9.692308, -5.9541016, -15.093889
2.4837484, -9.68664, -5.9171915, -15.111048
2.5060108, -9.680904, -5.8799486, -15.128445
2.5283191, -9.675102, -5.842369, -15.146077
2.550669, -9.669234, -5.8044605, -15.163942
2.5730584, -9.6633, -5.766217, -15.182039
2.5954833, -9.657301, -5.7276435, -15.200364
2.6179414, -9.6512375, -5.6887383, -15.218919
2.6404295, -9.645109, -5.6495028, -15.237696
2.6629443, -9.638918, -5.609938, -15.256695
2.6854825, -9.632663, -5.570046, -15.275911
2.7080414, -9.626345, -5.5298243, -15.295347
2.7306178, -9.619965, -5.489276, -15.314993
2.7532089, -9.613524, -5.4483986, -15.334855
2.7758121, -9.607021, -5.407198, -15.354921
2.7984233, -9.60046, -5.3656697, -15.375196
2.8210402, -9.593839, -5.323818, -15.395673
2.8436599, -9.587158, -5.2816405, -15.416351
2.8662786, -9.58042, -5.2391424, -15.437223
2.888894, -9.573625, -5.1963196, -15.458293
2.9115036, -9.566773, -5.1531744, -15.479553
2.9341035, -9.559866, -5.1097074, -15.501003
2.9566908, -9.552904, -5.065921, -15.522636
2.9792624, -9.545889, -5.021817, -15.54445
3.0018165, -9.53882, -4.9773912, -15.566443
3.0243492, -9.5317, -4.932647, -15.5886135
3.046858, -9.5245285, -4.8875866, -15.610954
3.069341, -9.517308, -4.842207, -15.633467
3.0917943, -9.510037, -4.7965117, -15.656144
3.1142144, -9.502719, -4.7505016, -15.678984
3.1366003, -9.495354, -4.704176, -15.701982
3.1589484, -9.487942, -4.657537, -15.725134
3.1812553, -9.480486, -4.610585, -15.748438
3.2035186, -9.472986, -4.56332, -15.771893
3.2257361, -9.465445, -4.5157456, -15.795488
3.2479053, -9.45786, -4.4678583, -15.819227
3.2700229, -9.450235, -4.419662, -15.843102
3.2920864, -9.442572, -4.3711557, -15.867113
3.314094, -9.434871, -4.3223424, -15.891251
3.336042, -9.427133, -4.273221, -15.915516
3.357929, -9.419358, -4.223794, -15.939901
3.3797522, -9.4115505, -4.17406, -15.964407
3.4015074, -9.403709, -4.1240234, -15.989025
3.4231946, -9.395836, -4.073683, -16.013754
3.4448097, -9.387933, -4.02304, -16.03859
3.4663506, -9.380001, -3.9720984, -16.063524
3.487815, -9.372041, -3.9208555, -16.088558
3.5092008, -9.364054, -3.8693125, -16.113686
3.530506, -9.356042, -3.8174727, -16.138905
3.5517282, -9.348007, -3.765335, -16.164207
3.5728655, -9.339949, -3.712903, -16.18959
3.5939143, -9.331869, -3.6601765, -16.21505
3.6148736, -9.3237705, -3.6071541, -16.240585
3.6357403, -9.315653, -3.5538435, -16.266184
3.6565135, -9.307519, -3.5002425, -16.291847
3.6771905, -9.29937, -3.4463508, -16.317572
3.6977687, -9.291206, -3.3921728, -16.34335
3.7182472, -9.28303, -3.3377097, -16.369177
3.7386231, -9.274842, -3.2829614, -16.39505
3.7588952, -9.2666445, -3.227928, -16.420965
3.7790608, -9.25844, -3.1726155, -16.446917
3.7991192, -9.250227, -3.1170218, -16.4729
3.8190672, -9.242009, -3.0611517, -16.498909
3.838904, -9.233787, -3.0050025, -16.52494
3.8586273, -9.225562, -2.9485803, -16.550991
3.8782353, -9.217337, -2.8918853, -16.577057
3.8977268, -9.20911, -2.8349192, -16.603127
3.9171002, -9.200887, -2.7776835, -16.629202
3.936353, -9.192667, -2.7201817, -16.655277
3.9554846, -9.184451, -2.6624148, -16.681345
3.9744928, -9.176241, -2.6043842, -16.707401
3.9933772, -9.168039, -2.546091, -16.733444
4.012135, -9.159845, -2.4875417, -16.759464
4.030766, -9.151663, -2.4287343, -16.78546
4.0492682, -9.143491, -2.3696728, -16.811424
4.067641, -9.135333, -2.3103566, -16.837355
4.085882, -9.127189, -2.250792, -16.863245
4.103991, -9.1190605, -2.1909795, -16.88909
4.1219654, -9.1109495, -2.1309242, -16.914883
4.139806, -9.102858, -2.0706239, -16.940622
4.1575093, -9.094785, -2.0100884, -16.9663
4.1750765, -9.086734, -1.9493108, -16.991915
4.1925054, -9.078706, -1.8883014, -17.017458
4.2097955, -9.070701, -1.8270583, -17.042927
4.2269454, -9.062722, -1.7655892, -17.068316
4.2439547, -9.0547695, -1.7038927, -17.09362
4.260822, -9.0468445, -1.641973, -17.118834
4.277547, -9.038948, -1.579833, -17.143953
4.294128, -9.031083, -1.5174775, -17.168972
4.310566, -9.023249, -1.4549074, -17.193886
4.326858, -9.015448, -1.3921285, -17.21869
4.343005, -9.007681, -1.3291407, -17.243382
4.359007, -8.999948, -1.2659492, -17.26795
4.3748612, -8.992251, -1.202558, -17.292397
4.3905687, -8.984592, -1.1389694, -17.316711
4.4061284, -8.976973, -1.0751886, -17.340893
4.4215403, -8.969391, -1.01122, -17.364933
4.436804, -8.961851, -0.9470625, -17.38883
4.451919, -8.954352, -0.8827224, -17.412579
4.4668846, -8.946896, -0.8182068, -17.436172
4.4817014, -8.939483, -0.75351286, -17.459608
4.4963684, -8.932115, -0.68865013, -17.48288
4.510886, -8.924791, -0.6236224, -17.505981
4.5252542, -8.917515, -0.5584307, -17.528912
4.5394716, -8.910286, -0.49307966, -17.551664
4.55354, -8.903105, -0.42757416, -17.574234
4.567458, -8.895972, -0.3619194, -17.596619
4.5812263, -8.88889, -0.29612112, -17.618809
4.594845, -8.881858, -0.23018122, -17.640804
4.6083136, -8.874877, -0.16410351, -17.662598
4.6216335, -8.867949, -0.097893715, -17.684187
4.634804, -8.861073, -0.031555176, -17.705568
4.6478252, -8.854248, 0.034904957, -17.726732
4.6606975, -8.84748, 0.10148382, -17.74768
4.673422, -8.840765, 0.16817427, -17.768404
4.6859975, -8.8341055, 0.23497343, -17.788902
4.698426, -8.827502, 0.30187464, -17.80917
4.710707, -8.820954, 0.36887693, -17.8292
4.7228417, -8.814464, 0.4359703, -17.848993
4.73483, -8.80803, 0.5031524, -17.868544
4.7466726, -8.801653, 0.5704155, -17.887844
4.7583704, -8.795335, 0.6377592, -17.906898
4.769924, -8.789074, 0.70517445, -17.925694
4.781334, -8.782872, 0.77265644, -17.944231
4.7926006, -8.77673, 0.84019876, -17.962507
4.803726, -8.770645, 0.90779924, -17.980518
4.81471, -8.764621, 0.9754486, -17.998259
4.8255534, -8.758655, 1.0431423, -18.015724
4.8362575, -8.7527485, 1.1108775, -18.032917
4.8468227, -8.746902, 1.1786435, -18.04983
4.8572497, -8.7411175, 1.2464371, -18.06646
4.8675404, -8.735391, 1.3142536, -18.082806
4.877695, -8.729724, 1.3820868, -18.098862
4.8877153, -8.724118, 1.4499288, -18.114624
4.897603, -8.718571, 1.5177763, -18.130095
4.907357, -8.713085, 1.5856199, -18.145267
4.9169807, -8.707658, 1.6534569, -18.160141
4.9264736, -8.702291, 1.7212782, -18.17471
4.9358373, -8.696983, 1.7890797, -18.188976
4.945074, -8.691734, 1.8568549, -18.202934
4.9541845, -8.686544, 1.9245977, -18.216581
4.96317, -8.681414, 1.9923015, -18.229918
4.9720325, -8.676341, 2.0599616, -18.242943
4.980772, -8.671328, 2.1275687, -18.25565
4.9893904, -8.666371, 2.1951165, -18.26804
4.9978895, -8.661472, 2.2626004, -18.28011
5.006271, -8.6566305, 2.3300154, -18.29186
5.014537, -8.651845, 2.397354, -18.303288
5.022688, -8.647116, 2.4646094, -18.314392
5.030725, -8.642443, 2.5317733, -18.325172
5.0386505, -8.637824, 2.5988426, -18.335625
5.046466, -8.63326, 2.665808, -18.345749
5.0541725, -8.628751, 2.7326639, -18.355549
5.061772, -8.624295, 2.799402, -18.365017
5.0692673, -8.619891, 2.8660197, -18.374157
5.0766573, -8.6155405, 2.932507, -18.382967
5.0839467, -8.611241, 2.9988608, -18.391447
5.091136, -8.606994, 3.065071, -18.399597
5.098226, -8.602796, 3.1311321, -18.407413
5.1052194, -8.598647, 3.197038, -18.414902
5.1121187, -8.594547, 3.2627823, -18.422058
5.1189237, -8.590496, 3.3283582, -18.428885
5.125638, -8.586492, 3.3937595, -18.435379
5.132263, -8.582533, 3.4589791, -18.441545
5.1388006, -8.578621, 3.5240116, -18.447384
5.145252, -8.574752, 3.5888486, -18.452888
5.15162, -8.570928, 3.6534867, -18.45807
5.157905, -8.567147, 3.717916, -18.462925
5.164111, -8.563408, 3.7821345, -18.467455
5.170238, -8.5597105, 3.8461306, -18.47166
5.176289, -8.556052, 3.9099011, -18.47554
5.1822643, -8.552435, 3.9734387, -18.479103
5.1881685, -8.548854, 4.0367403, -18.482344
5.1940017, -8.545312, 4.0997944, -18.485268
5.199765, -8.541805, 4.1625967, -18.487873
5.205462, -8.538335, 4.225144, -18.490168
5.211094, -8.534899, 4.2874265, -18.49215
5.2166624, -8.531496, 4.3494396, -18.49382
5.222169, -8.528127, 4.4111767, -18.495186
5.2276177, -8.524788, 4.4726343, -18.496246
5.2330074, -8.521481, 4.5338016, -18.497005
5.238343, -8.518202, 4.5946784, -18.497465
5.2436237, -8.514952, 4.6552553, -18.497627
5.2488523, -8.51173, 4.7155256, -18.497498
5.254031, -8.5085335, 4.775487, -18.497078
5.259162, -8.505364, 4.8351326, -18.49637
5.264246, -8.502218, 4.8944554, -18.495378
5.269285, -8.499096, 4.9534507, -18.494106
5.274282, -8.495996, 5.0121155, -18.49256
5.279238, -8.492917, 5.070442, -18.490738
5.2841544, -8.489859, 5.128425, -18.488647
5.289034, -8.48682, 5.186061, -18.48629
5.2938786, -8.4838, 5.2433443, -18.483673
5.2986884, -8.480796, 5.30027, -18.480797
5.303465, -8.47781, 5.3568296, -18.477669
5.3082128, -8.474838, 5.413024, -18.474289
5.312931, -8.471881, 5.4688454, -18.470665
5.3176217, -8.468937, 5.524289, -18.4668
5.3222876, -8.466006, 5.5793514, -18.462702
5.326928, -8.463086, 5.6340256, -18.45837
5.331547, -8.460177, 5.6883106, -18.453812
5.336144, -8.457279, 5.7421994, -18.449032
5.340722, -8.454389, 5.79569, -18.444035
5.345282, -8.451507, 5.8487754, -18.438824
5.3498263, -8.44863, 5.901456, -18.433403
5.3543544, -8.445761, 5.9537234, -18.427782
5.3588696, -8.442898, 6.005576, -18.421965
5.3633714, -8.440038, 6.0570087, -18.41595
5.367863, -8.437182, 6.10802, -18.409752
5.3723454, -8.434329, 6.1586046, -18.40337
5.3768187, -8.4314785, 6.2087603, -18.396812
5.3812847, -8.428629, 6.258481, -18.39008
5.385745, -8.425778, 6.3077664, -18.383183
5.3902, -8.42293, 6.3566103, -18.376122
5.3946514, -8.420079, 6.405012, -18.368908
5.3991003, -8.417227, 6.45297, -18.36154
5.403548, -8.414372, 6.5004773, -18.354027
5.4079943, -8.411515, 6.5475345, -18.346375
5.412442, -8.408655, 6.594136, -18.338589
5.416891, -8.405789, 6.6402826, -18.330673
5.4213424, -8.402919, 6.68597, -18.322632
5.4257965, -8.4000435, 6.7311935, -18.314474
5.430255, -8.3971615, 6.7759542, -18.306202
5.434718, -8.394274, 6.820249, -18.297825
5.439187, -8.391379, 6.8640747, -18.289345
5.4436626, -8.388476, 6.9074297, -18.280766
5.4481454, -8.385566, 6.9503136, -18.272097
5.4526353, -8.382647, 6.9927216, -18.26334
5.457134, -8.379719, 7.0346537, -18.254507
5.461641, -8.376781, 7.0761065, -18.245596
5.466158, -8.373835, 7.1170807, -18.236616
5.470685, -8.370878, 7.1575737, -18.227571
5.4752216, -8.367911, 7.1975822, -18.218468
5.4797697, -8.364934, 7.237108, -18.209312
5.4843287, -8.361946, 7.2761483, -18.200106
5.488899, -8.358947, 7.3147016, -18.190857
5.4934816, -8.355935, 7.352766, -18.181568
5.4980764, -8.352913, 7.3903427, -18.172249
5.5026836, -8.349878, 7.427427, -18.162899
5.507303, -8.346832, 7.4640217, -18.153526
5.511936, -8.343774, 7.500124, -18.144136
5.516581, -8.340703, 7.5357323, -18.134733
5.5212398, -8.337621, 7.5708494, -18.125322
5.5259104, -8.334525, 7.6054688, -18.115906
5.530595, -8.331418, 7.6395955, -18.106495
5.535292, -8.328298, 7.6732254, -18.097088
5.540003, -8.325165, 7.7063603, -18.087688
5.5447264, -8.32202, 7.738999, -18.078308
5.5494623, -8.318862, 7.771139, -18.068947
5.554211, -8.315693, 7.802783, -18.05961
5.5589724, -8.3125105, 7.833928, -18.0503
5.563746, -8.309316, 7.8645754, -18.041027
5.5685325, -8.306109, 7.8947268, -18.031788
5.57333, -8.302891, 7.9243784, -18.02259
5.5781393, -8.29966, 7.9535313, -18.01344
5.58296, -8.296418, 7.9821877, -18.004337
5.587792, -8.293165, 8.010345, -17.99529
5.592634, -8.2899, 8.038005, -17.9863
5.5974865, -8.286625, 8.065166, -17.977371
5.602348, -8.283339, 8.091829, -17.968506
5.607219, -8.280042, 8.117994, -17.959711
5.612099, -8.276735, 8.143663, -17.950989
5.616987, -8.273418, 8.168834, -17.94234
5.6218824, -8.270093, 8.193508, -17.933773
5.626786, -8.266757, 8.217686, -17.92529
5.6316957, -8.263413, 8.241367, -17.91689
5.6366115, -8.260061, 8.264553, -17.90858
5.641532, -8.256701, 8.287243, -17.900364
5.646458, -8.253334, 8.309439, -17.892242
5.6513877, -8.249959, 8.331139, -17.884216
5.656321, -8.246577, 8.352345, -17.876293
5.661257, -8.24319, 8.37306, -17.868477
5.6661944, -8.239796, 8.39328, -17.860764
5.6711335, -8.236398, 8.413009, -17.85316
5.676072, -8.232995, 8.432245, -17.845669
5.6810117, -8.229588, 8.450992, -17.838293
5.68595, -8.226176, 8.469248, -17.831032
5.6908855, -8.222762, 8.487014, -17.82389
5.695819, -8.219346, 8.5042925, -17.816872
5.700748, -8.215928, 8.52108, -17.809975
5.705673, -8.212508, 8.537382, -17.803204
5.7105923, -8.209088, 8.553198, -17.796558
5.715506, -8.205668, 8.568525, -17.790047
5.7204123, -8.202249, 8.583371, -17.78366
5.7253103, -8.198831, 8.597731, -17.77741
5.7301993, -8.195414, 8.611607, -17.771294
5.735079, -8.192, 8.625001, -17.765316
5.739947, -8.18859, 8.637913, -17.759472
5.7448034, -8.1851845, 8.650344, -17.753769
5.749647, -8.181783, 8.662296, -17.748207
5.7544765, -8.178386, 8.673766, -17.742786
5.759292, -8.174995, 8.684761, -17.737507
5.7640915, -8.171612, 8.695277, -17.732372
5.768875, -8.168237, 8.705319, -17.727383
5.7736397, -8.164869, 8.714884, -17.722542
5.778386, -8.16151, 8.723975, -17.717844
5.7831125, -8.158162, 8.732593, -17.713295
5.787818, -8.154824, 8.740737, -17.708895
5.7925014, -8.151499, 8.74841, -17.704645
5.7971625, -8.148184, 8.755612, -17.700542
5.8018, -8.144883, 8.762347, -17.696594
5.806412, -8.141596, 8.768613, -17.692793
5.810998, -8.138323, 8.77441, -17.689144
5.8155565, -8.135066, 8.779741, -17.685648
5.820088, -8.131825, 8.784607, -17.682304
5.8245893, -8.128601, 8.789008, -17.67911
5.82906, -8.125396, 8.792945, -17.676071
5.8335, -8.122209, 8.79642, -17.673183
5.8379073, -8.119041, 8.799436, -17.670448
5.8422813, -8.115894, 8.8019905, -17.667864
5.8466206, -8.112769, 8.804085, -17.665434
5.8509245, -8.109666, 8.805723, -17.663155
5.855191, -8.1065855, 8.806904, -17.66103
5.859421, -8.103529, 8.80763, -17.659054
5.863611, -8.100498, 8.8079, -17.657232
5.867762, -8.097492, 8.807718, -17.65556
5.871871, -8.094512, 8.807082, -17.654037
5.8759384, -8.09156, 8.805998, -17.652668
5.879963, -8.088635, 8.804462, -17.651443
5.8839436, -8.085741, 8.802479, -17.650372
5.8878784, -8.082876, 8.800047, -17.649446
5.8917665, -8.080043, 8.797169, -17.64867
5.8956075, -8.077241, 8.793845, -17.64804
5.8994, -8.0744705, 8.790077, -17.647556
5.903143, -8.071735, 8.785867, -17.64722
5.906835, -8.069033, 8.781215, -17.647026
5.9104757, -8.066367, 8.776123, -17.646976
5.914064, -8.063737, 8.770592, -17.647068
5.917598, -8.061143, 8.764622, -17.647303
5.9210773, -8.058588, 8.758217, -17.647678
5.9245005, -8.056072, 8.751375, -17.648193
5.927867, -8.053595, 8.744099, -17.648846
5.931175, -8.051159, 8.736391, -17.649635
5.934425, -8.048764, 8.728251, -17.650562
5.937615, -8.046411, 8.719683, -17.651623
5.9407434, -8.044102, 8.710685, -17.652817
5.9438105, -8.041836, 8.70126, -17.654144
5.9468136, -8.039615, 8.691408, -17.655602
5.949753, -8.037439, 8.681131, -17.657188
5.9526277, -8.035311, 8.670432, -17.658905
5.955436, -8.03323, 8.65931, -17.660746
5.958178, -8.031196, 8.647769, -17.662712
5.9608517, -8.029212, 8.635808, -17.664803
5.9634566, -8.027278, 8.623429, -17.667015
5.9659915, -8.0253935, 8.610636, -17.669348
5.968456, -8.0235615, 8.597427, -17.6718
5.970848, -8.021782, 8.583804, -17.67437
5.973168, -8.020054, 8.569771, -17.677055
5.9754133, -8.018381, 8.555325, -17.679853
5.977584, -8.016763, 8.540471, -17.682766
5.97968, -8.0152, 8.525211, -17.685787
5.981699, -8.013693, 8.509545, -17.68892
5.983641, -8.012243, 8.493475, -17.692158
5.985504, -8.010851, 8.477002, -17.6955
5.9872885, -8.009518, 8.460128, -17.698948
5.988993, -8.008244, 8.442856, -17.702497
5.990616, -8.00703, 8.425184, -17.706146
5.9921575, -8.005876, 8.407118, -17.709894
5.9936166, -8.004784, 8.388657, -17.713737
5.9949923, -8.003754, 8.369802, -17.717674
5.9962826, -8.002787, 8.350558, -17.721706
5.9974885, -8.001883, 8.330924, -17.725826
5.9986086, -8.001043, 8.310904, -17.730036
5.9996414, -8.000269, 8.290495, -17.734333
6.0005875, -7.9995594, 8.269705, -17.738712
6.001444, -7.998917, 8.248529, -17.743177
6.0022116, -7.9983406, 8.226976, -17.74772
6.002889, -7.9978323, 8.205043, -17.752346
6.003476, -7.9973917, 8.182734, -17.757046
6.003971, -7.99702, 8.160048, -17.761822
6.0043745, -7.996717, 8.1369915, -17.766668
6.0046844, -7.9964848, 8.113562, -17.771587
6.004901, -7.9963217, 8.089765, -17.776573
6.0050225, -7.9962306, 8.0655985, -17.78163
6.0050488, -7.996211, 8.041067, -17.786749
6.004979, -7.9962635, 8.016172, -17.791931
6.0048127, -7.996388, 7.9909163, -17.797173
6.004549, -7.996586, 7.9652996, -17.802475
6.004188, -7.996857, 7.9393272, -17.807833
6.003728, -7.997203, 7.912998, -17.813244
6.003168, -7.997623, 7.886316, -17.81871
6.002508, -7.998118, 7.859281, -17.824226
6.0017486, -7.998688, 7.8318977, -17.82979
6.000887, -7.999335, 7.804168, -17.8354
5.9999237, -8.000057, 7.776092, -17.841055
5.9988585, -8.000856, 7.747674, -17.846752
5.9976892, -8.001733, 7.7189145, -17.85249
5.996417, -8.0026865, 7.6898165, -17.858263
5.99504, -8.003717, 7.6603813, -17.864075
5.993558, -8.004827, 7.6306124, -17.869919
5.9919715, -8.006016, 7.6005116, -17.875797
5.9902787, -8.007282, 7.57008, -17.881706
5.9884796, -8.008627, 7.539323, -17.887638
5.9865737, -8.010053, 7.5082393, -17.8936
5.9845595, -8.011557, 7.4768314, -17.899586
5.982438, -8.013142, 7.445105, -17.905594
5.9802084, -8.014805, 7.41306, -17.91162
5.97787, -8.01655, 7.380699, -17.917664
5.975422, -8.018374, 7.348024, -17.923725
5.972863, -8.020281, 7.3150377, -17.9298
5.970196, -8.022267, 7.281743, -17.935886
5.9674163, -8.024334, 7.2481422, -17.941982
5.964526, -8.026484, 7.214237, -17.948088
5.961524, -8.028713, 7.180029, -17.954197
5.9584103, -8.031024, 7.1455235, -17.960312
5.955185, -8.033417, 7.1107216, -17.966429
5.9518456, -8.035891, 7.0756245, -17.972546
5.948394, -8.038445, 7.0402365, -17.97866
5.944829, -8.041082, 7.0045595, -17.984772
5.9411497, -8.043801, 6.9685965, -17.99088
5.9373565, -8.046601, 6.932348, -17.996979
5.9334493, -8.049483, 6.89582, -18.003067
5.9294276, -8.052446, 6.8590136, -18.009146
5.9252906, -8.0554905, 6.8219295, -18.015211
5.9210377, -8.058617, 6.784572, -18.021263
5.91667, -8.061825, 6.7469444, -18.027298
5.9121857, -8.065113, 6.7090487, -18.033314
5.907587, -8.068483, 6.670888, -18.03931
5.902871, -8.071934, 6.6324644, -18.045282
5.898038, -8.075465, 6.59378, -18.051233
5.8930893, -8.079078, 6.55484, -18.05716
5.888024, -8.08277, 6.5156446, -18.063057
5.882841, -8.086543, 6.476198, -18.068924
5.8775415, -8.090396, 6.436502, -18.07476
5.8721237, -8.094329, 6.3965597, -18.080568
5.8665895, -8.098341, 6.356373, -18.08634
5.860937, -8.102433, 6.3159466, -18.092075
5.855167, -8.106604, 6.275282, -18.097775
5.8492785, -8.110853, 6.234381, -18.103436
5.8432727, -8.115181, 6.193249, -18.109055
5.8371487, -8.119587, 6.151889, -18.114632
5.830907, -8.124071, 6.1103, -18.120167
5.8245463, -8.128633, 6.068488, -18.125656
5.8180685, -8.13327, 6.026456, -18.1311
5.811472, -8.137985, 5.9842057, -18.136494
5.8047576, -8.142776, 5.9417424, -18.141838
5.797925, -8.147642, 5.8990645, -18.147131
5.7909737, -8.152584, 5.856179, -18.15237
5.783905, -8.1576, 5.8130856, -18.157558
5.776718, -8.162691, 5.7697916, -18.16269
5.769414, -8.167856, 5.726297, -18.167763
5.7619905, -8.173094, 5.6826034, -18.17278
5.75445, -8.178405, 5.6387177, -18.177734
5.746792, -8.183788, 5.59464, -18.18263
5.739016, -8.189243, 5.5503736, -18.187464
5.7311225, -8.194769, 5.5059214, -18.192234
5.7231116, -8.200365, 5.461287, -18.196938
5.7149835, -8.206032, 5.416475, -18.201576
5.706739, -8.211768, 5.3714857, -18.206146
5.6983767, -8.217572, 5.326324, -18.210648
5.6898985, -8.223445, 5.280992, -18.21508
5.6813045, -8.229385, 5.2354937, -18.219444
5.6725936, -8.235392, 5.1898317, -18.223732
5.6637673, -8.241465, 5.1440077, -18.227947
5.654825, -8.247603, 5.0980263, -18.23209
5.645767, -8.253805, 5.0518904, -18.236155
5.636595, -8.260073, 5.0056014, -18.240145
5.6273074, -8.266403, 4.959166, -18.244057
5.617905, -8.272795, 4.9125834, -18.24789
5.6083894, -8.279249, 4.865859, -18.251644
5.5987597, -8.285765, 4.8189964, -18.255318
5.589017, -8.292339, 4.771999, -18.258907
5.5791607, -8.298974, 4.7248654, -18.262417
5.5691915, -8.305667, 4.677603, -18.26584
5.5591106, -8.312418, 4.6302147, -18.269182
5.548918, -8.319225, 4.5827017, -18.272438
5.538614, -8.326089, 4.5350695, -18.275606
5.528199, -8.333008, 4.48732, -18.278688
5.5176735, -8.339981, 4.4394546, -18.281685
5.507038, -8.347007, 4.3914785, -18.284588
5.496294, -8.354086, 4.343396, -18.287405
5.48544, -8.361217, 4.295207, -18.29013
5.474478, -8.368399, 4.2469172, -18.292767
5.4634085, -8.375629, 4.1985292, -18.295311
5.452232, -8.38291, 4.1500463, -18.297764
5.4409475, -8.390238, 4.101469, -18.300121
5.4295583, -8.397613, 4.052806, -18.302387
5.4180627, -8.405034, 4.004054, -18.304558
5.4064627, -8.4125, 3.9552193, -18.306635
5.394758, -8.4200115, 3.9063058, -18.308617
5.38295, -8.427565, 3.8573153, -18.310501
5.371039, -8.435162, 3.808252, -18.31229
5.359026, -8.442798, 3.7591195, -18.313984
5.3469124, -8.450476, 3.7099195, -18.315578
5.3346972, -8.458192, 3.6606553, -18.317076
5.3223825, -8.465946, 3.6113312, -18.318474
5.309968, -8.473738, 3.5619483, -18.319775
5.297455, -8.481567, 3.5125098, -18.320976
5.284844, -8.48943, 3.46302, -18.322079
5.272136, -8.497328, 3.4134822, -18.32308
5.259332, -8.505259, 3.3639002, -18.323982
5.2464337, -8.513221, 3.3142762, -18.324783
5.2334394, -8.521215, 3.2646112, -18.325485
5.220351, -8.52924, 3.2149103, -18.326086
5.207171, -8.537293, 3.1651778, -18.326588
5.1938987, -8.545374, 3.1154144, -18.326984
5.1805353, -8.553482, 3.0656252, -18.327282
5.167083, -8.561615, 3.015813, -18.327477
5.153541, -8.569774, 2.9659815, -18.32757
5.1399107, -8.577955, 2.9161308, -18.32756
5.126193, -8.58616, 2.8662665, -18.32745
5.1123896, -8.594387, 2.8163915, -18.327238
5.0985003, -8.602633, 2.7665062, -18.326923
5.0845265, -8.610899, 2.716617, -18.326504
5.070471, -8.619184, 2.666727, -18.325985
5.0563316, -8.627485, 2.6168346, -18.325363
5.042112, -8.635803, 2.5669491, -18.32464
5.027812, -8.644136, 2.51707, -18.323814
5.013433, -8.652485, 2.4672, -18.322887
4.9989767, -8.660845, 2.4173446, -18.321857
4.9844427, -8.669217, 2.3675034, -18.320726
4.9698334, -8.677601, 2.3176806, -18.319492
4.955149, -8.685994, 2.2678804, -18.318157
4.940392, -8.694396, 2.2181058, -18.316723
4.925563, -8.702806, 2.1683583, -18.315186
4.9106617, -8.711223, 2.1186416, -18.313545
4.8956914, -8.719645, 2.0689576, -18.311806
4.8806515, -8.728072, 2.0193095, -18.309967
4.8655453, -8.736503, 1.9697032, -18.30803
4.850372, -8.744935, 1.9201379, -18.305988
4.835134, -8.753369, 1.8706186, -18.303848
4.8198323, -8.761805, 1.8211479, -18.301609
4.8044677, -8.770239, 1.7717276, -18.299273
4.7890415, -8.778672, 1.7223592, -18.296837
4.773555, -8.787103, 1.6730475, -18.294304
4.75801, -8.795529, 1.623795, -18.291672
4.742408, -8.803951, 1.5746071, -18.28894
4.72675, -8.812368, 1.5254822, -18.286116
4.711037, -8.820778, 1.4764271, -18.283192
4.6952705, -8.829181, 1.4274414, -18.280174
4.679452, -8.837575, 1.3785286, -18.277061
4.663583, -8.84596, 1.3296912, -18.273853
4.6476645, -8.854333, 1.2809341, -18.27055
4.6316977, -8.862696, 1.2322564, -18.267153
4.615685, -8.871046, 1.183665, -18.263662
4.5996265, -8.879383, 1.1351595, -18.260078
4.5835247, -8.887705, 1.0867438, -18.256405
4.5673795, -8.896013, 1.0384185, -18.252638
4.5511947, -8.904304, 0.99019146, -18.24878
4.53497, -8.912579, 0.9420593, -18.244835
4.5187063, -8.920835, 0.8940275, -18.240797
4.502407, -8.929072, 0.8460994, -18.236671
4.4860725, -8.93729, 0.7982745, -18.232458
4.469704, -8.945487, 0.75056005, -18.228157
4.4533043, -8.953663, 0.7029557, -18.22377
4.4368734, -8.961817, 0.6554644, -18.219297
4.4204135, -8.969947, 0.608088, -18.214739
4.403926, -8.978053, 0.56082964, -18.210094
4.387412, -8.986135, 0.5136914, -18.205368
4.3708735, -8.99419, 0.46667624, -18.20056
4.354311, -9.00222, 0.41978645, -18.195671
4.337728, -9.010222, 0.3730259, -18.190699
4.321125, -9.018197, 0.32639432, -18.185646
4.3045025, -9.026143, 0.27989483, -18.180515
4.2878633, -9.03406, 0.23353052, -18.175306
4.271209, -9.041945, 0.18730307, -18.170017
4.254541, -9.0498, 0.14121771, -18.164654
4.2378592, -9.057624, 0.09527159, -18.159216
4.221168, -9.065414, 0.049471855, -18.153702
4.2044663, -9.073173, 0.0038166046, -18.148113
4.187758, -9.080896, -0.041687965, -18.142452
4.1710434, -9.088586, -0.087041855, -18.136719
4.154324, -9.09624, -0.13224125, -18.130917
4.1376014, -9.103859, -0.17728567, -18.125042
4.120878, -9.111442, -0.22217178, -18.119099
4.1041555, -9.118986, -0.2668953, -18.11309
4.087434, -9.126493, -0.31146002, -18.107014
4.0707154, -9.133963, -0.35585928, -18.10087
4.054003, -9.141393, -0.40009117, -18.094662
4.0372953, -9.148784, -0.44415665, -18.08839
4.020597, -9.156135, -0.48804712, -18.082058
4.003908, -9.1634445, -0.53176785, -18.075665
3.9872293, -9.170714, -0.57531595, -18.069206
3.9705644, -9.177942, -0.61868334, -18.062695
3.9539132, -9.185127, -0.66187525, -18.056118
3.937279, -9.19227, -0.7048824, -18.04949
3.9206624, -9.19937, -0.74770594, -18.042805
3.9040647, -9.206427, -0.79034567, -18.036064
3.8874874, -9.213438, -0.8328004, -18.02927
3.8709326, -9.220406, -0.8750639, -18.022423
3.8544016, -9.227328, -0.9171376, -18.015526
3.8378968, -9.234205, -0.9590173, -18.00858
3.8214183, -9.241036, -1.0007048, -18.00158
3.8049684, -9.247822, -1.0421948, -17.994535
3.7885497, -9.25456, -1.0834854, -17.987446
3.7721615, -9.261252, -1.1245766, -17.980309
3.7558074, -9.267897, -1.1654658, -17.97313
3.739488, -9.274493, -1.2061508, -17.965906
3.7232053, -9.281042, -1.2466295, -17.958641
3.7069602, -9.287542, -1.2869024, -17.951336
3.6907544, -9.293994, -1.3269653, -17.943993
3.6745896, -9.300397, -1.3668184, -17.936611
3.6584673, -9.306751, -1.4064608, -17.929193
3.6423893, -9.313055, -1.4458876, -17.921738
3.6263566, -9.319309, -1.4850988, -17.91425
3.6103716, -9.325515, -1.5240922, -17.90673
3.5944347, -9.331669, -1.5628662, -17.899181
3.5785475, -9.337772, -1.6014204, -17.891598
3.5627124, -9.343825, -1.6397526, -17.883987
3.5469303, -9.349829, -1.6778612, -17.87635
3.531203, -9.35578, -1.7157438, -17.868685
3.5155315, -9.361679, -1.7534008, -17.860994
3.499917, -9.367528, -1.7908287, -17.853283
3.4843612, -9.373325, -1.8280292, -17.845545
3.468866, -9.379071, -1.8649967, -17.837788
3.4534333, -9.384765, -1.9017293, -17.830013
3.4380624, -9.390406, -1.9382336, -17.822216
3.4227564, -9.395996, -1.9744985, -17.814407
3.4075165, -9.401533, -2.0105271, -17.80658
3.3923438, -9.407019, -2.0463202, -17.798737
3.3772397, -9.412452, -2.0818715, -17.790882
3.3622055, -9.417832, -2.1171827, -17.783016
3.3472428, -9.4231615, -2.1522536, -17.775139
3.332353, -9.428436, -2.187078, -17.767254
3.3175375, -9.43366, -2.22166, -17.759361
3.302797, -9.438831, -2.2559946, -17.751461
3.288134, -9.443949, -2.290083, -17.743557
3.2735488, -9.449015, -2.3239224, -17.73565
3.2590423, -9.454028, -2.357513, -17.727741
3.2446165, -9.458988, -2.3908553, -17.719828
3.2302728, -9.463897, -2.4239426, -17.711918
3.2160125, -9.468752, -2.4567757, -17.70401
3.201836, -9.473555, -2.4893584, -17.696102
3.187745, -9.478306, -2.5216832, -17.688204
3.173741, -9.483005, -2.553754, -17.68031
3.1598248, -9.48765, -2.5855665, -17.67242
3.1459985, -9.492244, -2.6171193, -17.664543
3.1322613, -9.496786, -2.648416, -17.656673
3.1186163, -9.501275, -2.6794498, -17.648815
3.1050632, -9.5057125, -2.710224, -17.640972
3.0916038, -9.510099, -2.740735, -17.633142
3.0782402, -9.514433, -2.770982, -17.625328
3.0649714, -9.518716, -2.8009653, -17.61753
3.0518003, -9.522947, -2.8306842, -17.60975
3.0387273, -9.527126, -2.860137, -17.60199
3.0257535, -9.531255, -2.8893209, -17.59425
3.0128798, -9.535332, -2.9182382, -17.586533
3.0001073, -9.539358, -2.946887, -17.578838
2.9874368, -9.543334, -2.975268, -17.57117
2.9748697, -9.547258, -3.0033765, -17.563528
2.962406, -9.551133, -3.0312169, -17.555912
2.9500475, -9.554957, -3.0587826, -17.548326
2.9377959, -9.558732, -3.0860755, -17.540771
2.925651, -9.562456, -3.1130953, -17.533249
2.9136133, -9.566131, -3.1398435, -17.525757
2.901685, -9.569756, -3.1663167, -17.5183
2.8898666, -9.573332, -3.1925128, -17.51088
2.8781576, -9.5768585, -3.2184339, -17.503494
2.866561, -9.580336, -3.2440777, -17.496147
2.8550766, -9.583764, -3.2694433, -17.488842
2.8437045, -9.587145, -3.294532, -17.481575
2.8324463, -9.590477, -3.3193424, -17.474352
2.8213034, -9.593761, -3.3438725, -17.467173
2.8102753, -9.596997, -3.3681223, -17.460037
2.7993627, -9.600185, -3.392095, -17.452946
2.7885666, -9.603328, -3.4157848, -17.445906
2.7778885, -9.606421, -3.4391935, -17.438911
2.7673283, -9.609469, -3.4623208, -17.431969
2.7568874, -9.61247, -3.4851656, -17.425074
2.7465658, -9.615423, -3.5077262, -17.418232
2.7363636, -9.618332, -3.5300062, -17.411446
2.7262826, -9.621195, -3.552001, -17.404713
2.7163234, -9.624011, -3.573709, -17.398037
2.7064867, -9.626781, -3.5951338, -17.391418
2.6967719, -9.629508, -3.6162732, -17.38486
2.6871796, -9.632189, -3.6371284, -17.378357
2.677711, -9.634826, -3.6576977, -17.371918
2.6683662, -9.637418, -3.6779826, -17.36554
2.6591465, -9.639966, -3.6979778, -17.359226
2.6500516, -9.642469, -3.7176886, -17.352974
2.6410823, -9.64493, -3.7371101, -17.34679
2.6322398, -9.647347, -3.7562442, -17.340673
2.6235223, -9.649722, -3.7750926, -17.334625
2.614933, -9.652053, -3.793651, -17.328644
2.6064703, -9.654342, -3.8119223, -17.322735
2.5981345, -9.656589, -3.8299046, -17.316896
2.589927, -9.6587925, -3.8475988, -17.31113
2.581848, -9.660955, -3.8650029, -17.305437
2.573897, -9.663077, -3.8821187, -17.299822
2.5660756, -9.665156, -3.8989427, -17.294281
2.5583827, -9.667195, -3.9154804, -17.288815
2.5508199, -9.669194, -3.931727, -17.28343
2.543387, -9.671152, -3.9476805, -17.278126
2.5360837, -9.67307, -3.963348, -17.272898
2.5289106, -9.674948, -3.978722, -17.267754
2.5218678, -9.676786, -3.9938078, -17.262693
2.5149548, -9.678585, -4.008605, -17.257713
2.5081725, -9.680345, -4.02311, -17.252817
2.5015213, -9.682065, -4.037323, -17.248009
2.4950006, -9.683748, -4.0512466, -17.243288
2.4886105, -9.685391, -4.064883, -17.238651
2.4823523, -9.686998, -4.078225, -17.234106
2.4762244, -9.688566, -4.0912776, -17.229649
2.4702284, -9.690096, -4.1040382, -17.22528
2.4643633, -9.69159, -4.1165104, -17.221006
2.4586291, -9.693047, -4.1286902, -17.216824
2.4530268, -9.694466, -4.1405797, -17.212734
2.4475555, -9.695848, -4.152179, -17.208738
2.442215, -9.697195, -4.163486, -17.20484
2.4370058, -9.698505, -4.1745043, -17.201033
2.4319277, -9.6997795, -4.1852317, -17.197327
2.4269807, -9.701019, -4.195668, -17.193718
2.4221637, -9.702223, -4.2058163, -17.190205
2.417478, -9.703391, -4.215672, -17.186794
2.4129226, -9.704525, -4.2252398, -17.183483
2.4084985, -9.705624, -4.234516, -17.180271
2.4042046, -9.706689, -4.2435007, -17.177166
2.400041, -9.707719, -4.252196, -17.17416
2.3960068, -9.708715, -4.260605, -17.171257
2.3921027, -9.709678, -4.2687206, -17.16846
2.388328, -9.710607, -4.276549, -17.165768
2.3846827, -9.711503, -4.2840877, -17.163181
2.3811653, -9.712366, -4.291339, -17.160702
2.3777773, -9.713196, -4.2983007, -17.158327
2.3745177, -9.713993, -4.3049736, -17.156063
2.3713865, -9.714758, -4.311358, -17.153906
2.3683822, -9.715491, -4.3174543, -17.15186
2.3655052, -9.716192, -4.3232656, -17.149921
2.3627553, -9.716862, -4.328787, -17.148098
2.3601327, -9.717499, -4.334021, -17.146381
2.3576365, -9.718104, -4.3389683, -17.14478
2.355266, -9.718679, -4.3436275, -17.14329
2.3530207, -9.719223, -4.3480015, -17.14191
2.3509004, -9.719736, -4.35209, -17.140648
2.348905, -9.720219, -4.35589, -17.1395
2.3470335, -9.720671, -4.3594065, -17.138464
2.3452861, -9.721092, -4.3626375, -17.137545
